-- Generation time: Thu, 07 Nov 2019 15:11:28 +0000
-- Host: mysql.hostinger.ro
-- DB name: u574849695_25
/*!40030 SET NAMES UTF8 */;
/*!40101 SET @OLD_CHARACTER_SET_CLIENT=@@CHARACTER_SET_CLIENT */;
/*!40101 SET @OLD_CHARACTER_SET_RESULTS=@@CHARACTER_SET_RESULTS */;
/*!40101 SET @OLD_COLLATION_CONNECTION=@@COLLATION_CONNECTION */;
/*!40103 SET @OLD_TIME_ZONE=@@TIME_ZONE */;
/*!40103 SET TIME_ZONE='+00:00' */;
/*!40014 SET @OLD_UNIQUE_CHECKS=@@UNIQUE_CHECKS, UNIQUE_CHECKS=0 */;
/*!40014 SET @OLD_FOREIGN_KEY_CHECKS=@@FOREIGN_KEY_CHECKS, FOREIGN_KEY_CHECKS=0 */;
/*!40101 SET @OLD_SQL_MODE=@@SQL_MODE, SQL_MODE='NO_AUTO_VALUE_ON_ZERO' */;
/*!40111 SET @OLD_SQL_NOTES=@@SQL_NOTES, SQL_NOTES=0 */;

DROP TABLE IF EXISTS `communities`;
CREATE TABLE `communities` (
  `id` bigint(20) unsigned NOT NULL AUTO_INCREMENT,
  `name` varchar(255) COLLATE utf8_unicode_ci DEFAULT NULL,
  `creator_id` bigint(20) unsigned NOT NULL,
  PRIMARY KEY (`id`),
  KEY `name` (`name`),
  KEY `creator_id` (`creator_id`),
  CONSTRAINT `communities_ibfk_1` FOREIGN KEY (`creator_id`) REFERENCES `users` (`id`)
) ENGINE=InnoDB AUTO_INCREMENT=26 DEFAULT CHARSET=utf8 COLLATE=utf8_unicode_ci;

INSERT INTO `communities` VALUES ('1','culpa','101'),
('2','itaque','102'),
('3','reiciendis','103'),
('4','rerum','104'),
('5','nihil','107'),
('6','odio','108'),
('7','quos','110'),
('8','qui','111'),
('9','dignissimos','112'),
('10','reiciendis','113'),
('11','officiis','118'),
('12','voluptates','120'),
('13','reprehenderit','121'),
('14','rem','123'),
('15','consequuntur','125'),
('16','enim','126'),
('17','cupiditate','127'),
('18','est','129'),
('19','eos','132'),
('20','dolor','134'),
('21','aliquid','135'),
('22','sequi','137'),
('23','repellendus','138'),
('24','quis','139'),
('25','dicta','140'); 


DROP TABLE IF EXISTS `cource_topics`;
CREATE TABLE `cource_topics` (
  `id` bigint(20) unsigned NOT NULL AUTO_INCREMENT,
  `name` varchar(255) COLLATE utf8_unicode_ci DEFAULT NULL,
  PRIMARY KEY (`id`)
) ENGINE=InnoDB AUTO_INCREMENT=16 DEFAULT CHARSET=utf8 COLLATE=utf8_unicode_ci;

INSERT INTO `cource_topics` VALUES ('1','molestiae'),
('2','temporibus'),
('3','molestiae'),
('4','voluptate'),
('5','nisi'),
('6','consectetur'),
('7','officiis'),
('8','aspernatur'),
('9','voluptates'),
('10','ut'),
('11','dolorem'),
('12','facilis'),
('13','non'),
('14','qui'),
('15','itaque'); 


DROP TABLE IF EXISTS `cources_range`;
CREATE TABLE `cources_range` (
  `id_cource` bigint(20) unsigned NOT NULL,
  `id_user` bigint(20) unsigned NOT NULL,
  `range_cource` int(11) DEFAULT NULL,
  `created_at` datetime DEFAULT current_timestamp(),
  `updated_at` datetime DEFAULT current_timestamp() ON UPDATE current_timestamp(),
  PRIMARY KEY (`id_cource`,`id_user`),
  KEY `id_user` (`id_user`),
  CONSTRAINT `cources_range_ibfk_1` FOREIGN KEY (`id_cource`) REFERENCES `training_cources` (`id`),
  CONSTRAINT `cources_range_ibfk_2` FOREIGN KEY (`id_user`) REFERENCES `users` (`id`)
) ENGINE=InnoDB DEFAULT CHARSET=utf8 COLLATE=utf8_unicode_ci;

INSERT INTO `cources_range` VALUES ('1','101','1','2014-08-16 06:42:20','1982-03-30 00:05:13'),
('1','108','4','2015-02-05 07:31:56','1999-11-24 08:56:15'),
('1','118','3','1999-05-04 20:03:20','1993-12-25 11:44:29'),
('1','151','8','2011-11-04 04:10:48','2007-04-02 20:32:43'),
('1','163','6','2018-10-18 17:47:39','2007-11-02 06:59:21'),
('2','102','0','2008-07-21 12:49:49','1985-01-01 00:38:59'),
('2','110','0','1996-02-12 07:05:07','2011-01-15 01:43:37'),
('2','120','4','2016-06-25 22:27:47','1978-01-31 13:28:23'),
('2','154','5','2018-05-27 14:57:08','1993-08-03 05:24:54'),
('2','164','6','1977-02-26 08:22:21','2017-05-25 19:35:10'),
('3','103','1','1998-04-23 16:03:13','2016-10-30 21:54:58'),
('3','111','4','1984-10-21 15:47:31','1993-01-17 13:44:33'),
('3','121','0','2018-10-30 11:13:39','2018-06-06 19:35:48'),
('3','155','1','1982-12-16 00:40:57','1985-06-30 06:17:28'),
('3','167','3','1983-09-02 10:51:42','1975-03-15 11:24:36'),
('4','104','2','1981-07-29 13:19:13','2000-02-26 14:57:49'),
('4','112','1','2001-01-22 20:16:20','2014-11-26 08:06:01'),
('4','123','8','1979-02-10 17:45:04','1991-02-27 04:59:27'),
('4','158','6','1974-05-13 15:35:28','1987-07-01 13:11:49'),
('4','170','4','2013-09-07 11:07:10','2004-06-07 19:18:18'),
('5','107','5','1979-11-08 05:02:49','1971-10-12 06:17:21'),
('5','113','9','2015-07-03 06:03:56','1996-08-03 05:09:35'),
('5','125','8','2007-08-19 05:43:30','1976-07-01 20:26:16'),
('5','159','4','1988-02-14 10:07:17','1994-02-23 23:57:28'),
('5','172','8','1990-01-06 23:57:40','1974-06-30 05:01:40'),
('6','108','0','1988-02-23 02:09:04','2005-08-04 02:48:40'),
('6','118','7','2007-05-15 14:37:40','2013-05-02 09:05:48'),
('6','126','9','2018-07-09 06:12:52','1992-11-17 19:44:49'),
('6','163','8','1974-03-02 09:40:40','1996-04-11 18:53:55'),
('6','174','1','2007-10-17 22:59:18','1980-03-07 15:02:51'),
('7','110','0','1985-09-26 22:41:15','2014-04-14 04:29:16'),
('7','120','8','1990-05-25 20:31:06','1985-10-29 21:49:28'),
('7','127','3','2008-08-13 16:09:51','1979-11-14 23:22:03'),
('7','164','2','2015-04-19 20:42:52','1977-10-26 05:02:14'),
('7','176','0','1992-08-05 03:57:18','2003-03-08 06:40:39'),
('8','111','7','1974-06-11 09:46:41','2002-05-29 05:18:36'),
('8','121','0','2017-12-22 04:34:51','2001-06-19 19:16:08'),
('8','129','3','1982-12-23 06:46:58','1973-09-16 21:13:05'),
('8','167','9','1974-02-19 20:19:48','2007-01-24 01:27:32'),
('8','177','6','1971-06-01 16:02:04','1975-02-15 09:58:38'),
('9','112','5','1996-11-05 20:06:49','1993-02-12 14:03:50'),
('9','123','8','1990-06-06 12:14:21','1979-08-07 21:24:14'),
('9','132','4','1999-06-29 17:32:54','2019-06-21 03:46:50'),
('9','170','5','1974-08-26 21:52:16','2005-08-24 14:34:34'),
('9','179','6','1986-05-13 16:42:40','1975-07-05 13:12:23'),
('10','113','4','1983-04-21 17:28:49','1980-10-13 21:56:02'),
('10','125','6','1998-04-20 03:06:56','1979-10-02 23:51:55'),
('10','134','0','2003-12-16 17:17:37','1985-07-06 03:13:22'),
('10','172','6','1971-07-22 13:42:24','2006-06-16 06:35:59'),
('10','180','3','1978-06-05 05:11:48','2003-06-04 06:17:34'),
('11','118','9','2003-11-28 01:26:22','2014-02-26 17:38:05'),
('11','126','2','1992-01-05 17:05:24','1997-03-24 19:58:28'),
('11','135','7','2000-06-17 06:29:03','1976-04-06 10:48:30'),
('11','174','7','1999-10-07 14:58:07','2017-01-27 05:36:38'),
('11','182','3','1974-08-16 00:50:54','2018-06-06 16:48:41'),
('12','120','2','2016-10-05 22:31:39','1990-08-16 17:04:13'),
('12','127','5','1987-01-24 06:45:09','2019-09-02 08:05:08'),
('12','137','4','2009-06-05 22:53:03','1988-01-20 10:10:40'),
('12','176','5','2003-11-06 03:02:18','1986-06-29 18:50:17'),
('12','185','4','1986-08-16 08:03:50','1981-04-05 08:00:19'),
('13','121','9','1970-03-07 03:24:17','2002-04-05 17:54:40'),
('13','129','1','2000-02-23 22:31:28','2014-07-21 04:12:49'),
('13','138','4','2007-10-15 16:50:48','2011-05-13 14:43:15'),
('13','177','1','2017-11-06 10:58:15','1996-11-28 17:09:06'),
('13','186','9','1974-02-03 18:34:14','2000-08-27 11:49:51'),
('14','123','8','1995-02-12 20:27:19','1994-05-26 12:42:22'),
('14','132','2','1982-05-18 19:50:30','1970-02-14 08:18:39'),
('14','139','5','2004-05-30 21:44:46','1985-12-24 12:12:55'),
('14','179','3','1999-04-20 22:24:44','1986-07-02 13:22:24'),
('14','187','0','1974-12-05 12:05:08','2018-04-28 19:35:42'),
('15','125','4','2018-03-19 12:42:34','1978-02-26 03:08:21'),
('15','134','7','1972-08-18 21:48:36','2010-06-12 14:12:53'),
('15','140','9','1973-03-08 04:43:36','1985-06-11 15:48:19'),
('15','180','0','2011-03-10 13:19:13','1994-09-22 10:56:42'),
('15','188','9','2007-12-10 13:58:22','1977-02-02 22:51:58'),
('16','126','5','2015-12-18 19:15:33','2012-07-27 03:11:44'),
('16','135','6','1998-09-07 13:39:11','1977-01-28 05:51:49'),
('16','142','2','1984-04-04 04:39:37','1991-08-23 17:36:02'),
('16','182','5','1977-04-24 23:32:56','1975-03-02 11:27:05'),
('16','189','2','2002-03-13 04:39:34','2001-05-07 02:35:36'),
('17','127','2','2011-04-05 19:22:29','2007-09-04 18:12:52'),
('17','137','2','2007-04-12 04:41:11','2011-03-28 17:15:38'),
('17','143','1','2001-12-14 21:32:29','2009-04-04 17:10:16'),
('17','185','0','2018-05-12 18:46:24','1993-08-11 03:40:21'),
('17','190','6','2014-05-17 19:07:07','1989-03-26 03:05:48'),
('18','129','1','1976-04-24 07:37:16','1971-10-29 02:33:50'),
('18','138','5','1976-09-11 19:55:10','1998-02-12 06:05:10'),
('18','144','7','2007-03-18 00:38:27','1978-03-19 00:31:03'),
('18','186','0','2018-04-29 17:28:45','2007-01-08 18:06:43'),
('18','196','8','1978-09-07 16:58:01','1997-03-13 01:35:16'),
('19','132','7','1972-10-15 11:12:18','1995-10-10 02:11:15'),
('19','139','4','1985-12-06 00:47:02','2011-12-13 04:18:36'),
('19','146','8','2014-09-21 00:04:25','1991-11-13 20:00:04'),
('19','187','7','1984-12-10 23:25:11','2010-08-16 06:59:02'),
('19','199','7','2018-06-07 00:31:27','1996-09-20 07:42:14'),
('20','134','9','2012-09-27 21:51:54','1987-08-12 16:55:17'),
('20','140','0','1973-03-12 17:26:55','1984-04-17 02:01:19'),
('20','148','2','2002-11-30 12:11:49','2012-03-12 13:56:29'),
('20','188','3','1978-09-21 08:19:53','1971-11-26 15:12:22'),
('20','200','1','2019-03-30 10:14:14','2000-05-27 03:17:06'),
('21','101','8','1995-07-31 19:16:31','1981-01-24 03:52:14'),
('21','135','2','2010-05-15 07:38:36','2011-05-02 04:08:48'),
('21','142','0','2016-04-04 06:01:49','2008-03-06 05:55:41'),
('21','151','2','2008-11-07 04:38:50','1999-08-31 10:54:33'),
('21','189','3','1990-02-01 02:28:05','1994-04-13 21:06:25'),
('22','102','8','2012-01-06 15:48:03','2007-12-04 06:01:23'),
('22','137','3','1972-07-25 05:20:06','2001-02-25 02:25:54'),
('22','143','6','1993-11-08 18:57:25','1992-12-01 01:16:33'),
('22','154','2','2005-02-08 02:29:43','2002-08-06 13:33:21'),
('22','190','5','2016-04-01 00:22:32','1983-08-31 08:43:50'),
('23','103','8','2007-03-18 23:02:22','2010-07-29 23:56:30'),
('23','138','8','1999-12-24 17:58:41','1991-08-27 02:25:24'),
('23','144','3','1988-04-28 17:15:04','1973-03-12 22:40:06'),
('23','155','1','2019-03-05 13:16:44','1971-11-29 10:34:20'),
('23','196','0','1983-07-27 02:16:50','2002-06-12 09:26:34'),
('24','104','1','2011-07-23 13:40:31','1989-10-28 06:06:03'),
('24','139','2','1978-11-02 16:22:08','1976-05-20 20:50:38'),
('24','146','9','1983-07-08 20:59:13','1976-08-12 21:16:26'),
('24','158','5','2005-01-04 11:53:12','1991-11-09 14:13:45'),
('24','199','5','1972-07-21 10:04:39','1992-01-27 22:20:11'),
('25','107','7','1973-03-10 01:44:44','2008-02-14 07:33:31'),
('25','140','2','2018-01-30 08:31:14','1972-07-12 17:40:56'),
('25','148','1','2000-11-22 12:18:12','1985-03-09 16:20:45'),
('25','159','5','1971-03-14 13:08:53','2016-09-09 18:22:48'),
('25','200','0','1976-01-11 09:58:22','1986-11-10 10:21:06'),
('26','101','0','1970-02-11 21:53:34','2001-01-09 07:50:44'),
('26','108','7','2003-12-03 00:04:30','2008-02-25 03:55:42'),
('26','142','3','2008-12-13 23:45:32','2001-12-01 20:13:42'),
('26','151','2','1986-10-20 18:05:57','1994-09-01 12:23:47'),
('26','163','6','1985-08-26 01:03:01','2011-09-17 08:08:42'),
('27','102','1','2003-06-06 10:53:46','2007-10-25 08:01:08'),
('27','110','8','1993-11-24 16:48:16','1997-10-29 19:36:40'),
('27','143','9','1972-05-06 22:57:34','2018-12-17 04:15:22'),
('27','154','8','2003-02-21 10:27:10','1972-09-30 20:49:57'),
('27','164','3','1979-09-27 18:21:28','1980-04-11 04:26:05'),
('28','103','2','2013-03-24 02:43:24','1981-04-12 19:16:57'),
('28','111','8','1990-11-17 10:18:41','1973-03-04 06:31:14'),
('28','144','9','1976-01-17 11:08:03','2018-08-24 22:02:56'),
('28','155','4','1999-09-05 00:48:31','1987-02-19 11:34:15'),
('28','167','0','1971-08-14 07:28:33','2006-06-23 15:52:44'),
('29','104','5','2010-11-15 05:22:14','1970-08-10 06:28:29'),
('29','112','2','2009-11-11 06:09:46','2011-05-18 07:07:02'),
('29','146','7','2010-05-06 08:53:34','1972-10-05 00:32:40'),
('29','158','6','1998-04-10 00:47:43','2010-11-15 20:47:41'),
('29','170','4','2008-01-17 16:37:17','2005-05-19 06:23:42'),
('30','107','7','1994-06-04 21:24:37','1992-02-09 00:23:46'),
('30','113','1','1982-04-13 23:03:27','2005-09-17 23:13:24'),
('30','148','0','1972-12-02 04:29:48','2011-04-17 18:16:25'),
('30','159','9','2005-06-12 07:25:04','2013-02-07 01:12:55'),
('30','172','4','1970-02-12 20:01:07','2013-02-05 22:20:32'); 


DROP TABLE IF EXISTS `day_tasks`;
CREATE TABLE `day_tasks` (
  `purpose_id` bigint(20) unsigned NOT NULL AUTO_INCREMENT,
  `day_task` text COLLATE utf8_unicode_ci DEFAULT NULL,
  `mark_day_task` varchar(255) COLLATE utf8_unicode_ci DEFAULT NULL,
  `created_at` datetime DEFAULT current_timestamp(),
  `updated_at` datetime DEFAULT current_timestamp() ON UPDATE current_timestamp(),
  `day_task_status` varchar(255) COLLATE utf8_unicode_ci DEFAULT NULL,
  PRIMARY KEY (`purpose_id`),
  CONSTRAINT `day_tasks_ibfk_1` FOREIGN KEY (`purpose_id`) REFERENCES `purposes` (`user_id`)
) ENGINE=InnoDB AUTO_INCREMENT=201 DEFAULT CHARSET=utf8 COLLATE=utf8_unicode_ci;

INSERT INTO `day_tasks` VALUES ('101','Doloremque error adipisci fuga non velit dolor. Possimus aut quia modi eius iure at amet. Facilis impedit ducimus qui at quis eum.','a','1993-12-19 04:23:12','2001-10-20 23:26:19','voluptatibus'),
('102','Mollitia ea deleniti aut aut velit quibusdam dolorem. Omnis a qui et inventore accusantium. Maiores illum et fuga dignissimos nesciunt aut.','odio','1975-09-02 12:42:57','2001-01-26 17:32:02','consequatur'),
('103','Odio quas qui odio architecto exercitationem dolores et. Voluptas ea itaque doloremque velit natus ipsa pariatur a. Maxime corrupti porro iusto aperiam.','consequatur','1978-02-11 08:01:56','2016-08-03 14:10:33','est'),
('104','Magni ea necessitatibus et. Repellendus commodi non distinctio ipsum eum fuga. Nam temporibus eos pariatur id cupiditate blanditiis. Beatae reprehenderit consectetur aut quam doloribus ut dolorem labore.','est','2019-06-22 00:10:43','1973-01-29 03:53:04','non'),
('107','Vitae impedit ut adipisci quia omnis. Quos ut mollitia qui corporis. In placeat qui aliquam similique voluptatibus velit. Magnam sapiente aspernatur id voluptatibus ipsa assumenda doloremque.','consequatur','2012-04-09 10:00:03','1999-04-19 04:30:58','omnis'),
('108','Fugiat sint aut sint nemo voluptatem dolores. Incidunt qui deleniti excepturi. Ut amet numquam quo id similique est minus pariatur. Asperiores voluptatem officiis quod tempore maxime libero. Tenetur nesciunt quo consectetur corporis asperiores est provident.','vitae','1983-06-29 01:21:37','2010-01-16 11:18:52','itaque'),
('110','Maiores consectetur qui placeat enim temporibus rerum. Voluptas corrupti nemo reprehenderit eaque enim facere totam. Accusamus architecto molestiae et impedit laborum. Ut nulla rerum velit optio. Numquam assumenda ipsum autem maiores repudiandae.','suscipit','1992-06-30 10:51:37','1975-08-28 12:31:27','quia'),
('111','Sint magni consectetur magnam autem et inventore. Ut tempora esse quis repellat. At cupiditate iure qui rerum quia.','qui','1987-06-18 23:51:43','1973-06-05 10:22:03','blanditiis'),
('112','Consequatur delectus ut assumenda quidem. Aperiam laborum nisi perferendis.','eum','2000-08-24 21:48:40','1996-03-31 04:09:43','modi'),
('113','Sunt atque excepturi illo adipisci. Saepe facilis consequatur libero aut illum cum. Laboriosam est optio ea voluptas. Enim animi dolorem neque est repellat eius.','et','1997-01-21 09:57:34','1984-06-21 14:13:37','placeat'),
('118','Explicabo odit aspernatur labore dolores necessitatibus. Earum odit assumenda quae et in ipsa perspiciatis. Dolores et quia dicta qui. Atque distinctio autem dolores rerum aut eligendi error.','veniam','1974-04-23 15:56:44','2018-12-24 02:28:07','nulla'),
('120','Veniam repellat cumque fuga occaecati. Aut sed est dolor qui. Dicta quas nam iusto voluptatibus voluptatum.','reprehenderit','1999-02-18 07:01:23','1981-09-22 09:04:56','in'),
('121','Explicabo sit in consequatur aut recusandae eligendi eum. Impedit autem dolores perferendis sed. Eos nihil id et voluptatem at neque. Quia doloremque est odit eveniet.','adipisci','2004-02-20 18:01:17','1974-05-19 23:00:06','molestiae'),
('123','Inventore dolores perspiciatis nihil aperiam autem. Temporibus nam distinctio in et sint autem. Non non beatae quam consequatur nostrum quasi saepe. Voluptas voluptates tempora ipsum et temporibus qui libero.','esse','1987-05-08 09:55:36','1988-09-26 08:37:07','nemo'),
('125','Error eum et asperiores similique. Qui exercitationem et cum odit. Consequatur veritatis deleniti asperiores illo repudiandae laudantium corrupti facilis. Omnis consequatur aliquid dolore quibusdam repellat necessitatibus.','voluptas','2015-09-23 21:31:37','1998-06-12 09:40:16','ducimus'),
('126','Dolores harum consequatur ab. Laborum asperiores quia suscipit aut est. Quidem placeat asperiores praesentium quas. At commodi et consequuntur similique totam.','ut','1987-05-12 06:35:16','1977-08-26 05:37:25','sunt'),
('127','Labore ut est labore culpa ullam incidunt officiis. Dolor aut fugiat sequi aperiam mollitia nihil architecto. Cum aut nisi optio in porro vel rerum.','ut','2003-05-08 01:44:40','2015-11-22 21:35:58','modi'),
('129','Occaecati aut saepe hic animi vitae vitae. Consequatur pariatur atque non error consequatur corrupti doloribus. Aut accusamus fugiat et est non.','libero','2002-08-17 14:01:40','1981-10-24 13:20:57','expedita'),
('132','Omnis a aut ducimus quia facilis. Quas ex sint et nisi. Blanditiis quibusdam velit quia odit natus similique consectetur labore.','vitae','1974-11-15 09:49:23','1973-06-06 07:57:05','voluptatum'),
('134','Praesentium corrupti ex est dignissimos velit. Velit est quos aut tempora sunt. Voluptatem voluptatem vero aut natus qui perspiciatis dolores.','sed','1970-04-17 03:31:22','2018-04-02 15:45:37','autem'),
('135','A debitis accusamus ipsa et omnis numquam. Laboriosam unde aperiam quisquam aut. Ipsa laborum eaque officiis laboriosam nihil aliquid sit. Facere sint asperiores facilis ut. Eos et nihil incidunt dolor quibusdam blanditiis.','consequatur','1991-02-22 15:37:32','2016-03-07 03:19:30','nulla'),
('137','Sunt aut dolorem doloribus ut dolores mollitia. Quod suscipit exercitationem est totam rerum et animi iure. Consequuntur quidem numquam ipsa. Consectetur dolore est maxime.','quis','1977-12-28 11:08:13','2002-10-10 13:56:35','qui'),
('138','Quia eos ut et et aut et aspernatur ut. Sit ex ipsum et dolorum et occaecati.','aliquid','1972-04-29 18:37:35','2004-05-08 19:13:06','sed'),
('139','Deserunt id rerum aut dolores. A commodi et voluptate. Quos dolor laborum quia deleniti qui.','enim','2003-11-25 22:26:57','2014-03-20 13:17:00','quam'),
('140','Quibusdam accusamus quidem quia sint quaerat laboriosam. Consequatur voluptates sed error et molestiae. Nisi molestiae facere fugiat sed est doloribus dicta. Sit provident sint ea maiores maiores cumque animi.','sunt','2004-03-07 14:49:34','1977-01-19 19:21:47','nemo'),
('142','Sunt quaerat ab laboriosam. Expedita nemo omnis laboriosam voluptates. Placeat eveniet impedit id dolorem dolore molestiae. Vel dolorem et est ex eos delectus architecto quam.','voluptatem','1986-06-07 20:28:49','2010-04-28 22:06:10','sapiente'),
('143','Est illum ducimus mollitia necessitatibus. Perferendis aut nobis sapiente. Voluptatem sit hic in molestiae deleniti blanditiis. Voluptatem odio possimus vitae vel accusantium quibusdam. Ut deserunt ut est.','a','2006-11-13 07:06:50','2008-02-21 03:46:04','accusantium'),
('144','Illo soluta iusto labore quae recusandae cumque. Voluptate vel sunt ullam deleniti. Sit sed ipsam asperiores repellat qui.','adipisci','1999-05-26 09:59:37','1990-02-12 19:05:54','sed'),
('146','Exercitationem earum dolores mollitia dolor non. Impedit blanditiis quae odit odit. Voluptatem illum ipsum et qui tempora dolorem aut. Nesciunt eius modi et aut.','voluptatem','1971-07-29 03:55:24','2011-02-12 23:23:48','voluptatem'),
('148','Dignissimos tenetur doloremque et quo. Consequuntur odit et quia et sit debitis qui. Quia in facere possimus voluptate quidem vel rem.','sint','1985-03-11 16:53:36','1973-03-01 15:39:08','aut'),
('151','Asperiores id aliquid cum velit. Aut in sit architecto. Sapiente voluptate qui cumque debitis sequi qui voluptas. Atque maxime deleniti vitae voluptatem odio voluptatem autem. Ratione animi voluptatum nisi vel.','ut','1980-04-05 10:27:48','1986-03-17 20:59:33','at'),
('154','Id qui natus laboriosam sed. Dolores quae voluptatum voluptatem et eligendi qui. Itaque sed cum quos quia. Aliquam non minima illum qui molestiae dolorem deleniti recusandae.','quisquam','1980-04-13 19:10:50','2013-11-07 01:47:42','ipsum'),
('155','Qui sunt suscipit unde ut. Nobis voluptatem maiores quo aut. Et qui impedit voluptatum quo fuga voluptates quam reprehenderit.','adipisci','1974-08-02 03:58:44','1984-07-29 00:02:20','officia'),
('158','Blanditiis excepturi distinctio voluptatum quas sapiente et. Quia aliquam quia aut a sunt. Cupiditate dolor dolorem libero qui quidem et maiores. Officiis eaque cupiditate dolore.','et','2008-07-21 21:21:52','1975-08-08 03:06:36','ullam'),
('159','Placeat repudiandae qui excepturi id. Sit ut porro non quos expedita ut.','mollitia','2007-06-17 03:31:48','1996-09-15 12:05:23','alias'),
('163','Incidunt odio deserunt et et. Aut voluptas molestiae voluptatum. Aliquam veritatis velit molestiae ipsum cupiditate ut. Doloribus laboriosam doloremque facere quod consequuntur cupiditate eius.','iure','2000-11-05 02:12:41','2009-02-26 10:51:04','qui'),
('164','Dicta voluptas nisi voluptas ipsam officia aut accusantium repellat. Eius eligendi architecto alias. Harum molestiae maiores ea ut.','qui','1988-07-11 20:49:15','1974-01-26 03:48:47','quia'),
('167','Id nulla aliquam similique sapiente omnis qui est dolores. In rerum aut ut quae ducimus quo. Atque molestiae dolorem et.','aliquam','2000-01-01 18:29:38','1972-08-08 01:47:16','ipsam'),
('170','Alias ut nobis libero pariatur est unde adipisci et. Alias voluptates pariatur deleniti eos exercitationem voluptas voluptas. Animi aut quod id.','totam','1989-06-22 04:27:04','2011-07-25 22:21:42','perspiciatis'),
('172','Inventore blanditiis eos dolor dolor consequatur eius. Ducimus repudiandae officiis expedita eum accusamus. Dolore omnis cum aut qui voluptates excepturi ut.','tempore','2000-03-20 06:26:29','1981-09-29 22:10:44','ut'),
('174','Deserunt cum voluptas placeat accusamus. Temporibus eos perferendis est tempore. Maxime nulla est quam voluptas quisquam dolorum qui. Voluptatibus voluptas deserunt molestiae.','nihil','1999-07-23 20:16:55','2003-06-27 20:33:18','dolor'),
('176','Sint ea dolor necessitatibus officiis laborum. Odit pariatur voluptatem est et eveniet consectetur ducimus. Magnam sequi consequatur soluta numquam.','quia','1979-02-27 13:56:51','2009-10-06 23:36:09','sed'),
('177','Quia tempore ea enim nulla perferendis rerum aliquam. Sapiente in et atque nesciunt ut dolores.','iste','1986-10-11 16:28:38','1984-09-08 17:43:46','quo'),
('179','In excepturi sed ducimus ea provident enim et. Ipsam laudantium aut in cumque harum. Consequatur dolorem id ullam. Quisquam quo voluptatibus cupiditate numquam.','autem','1971-05-07 15:07:02','1990-10-18 11:04:13','consequatur'),
('180','Qui sit soluta consequatur eum. Perspiciatis nisi consequatur nemo occaecati a rem possimus. Quam dolorum quas ex nisi ut. Ea cupiditate assumenda eos.','enim','1990-08-20 09:38:33','2019-07-27 16:23:03','consectetur'),
('182','Aspernatur aperiam similique vitae numquam aut. Adipisci laudantium ratione vel eius tempora.','voluptatibus','2004-05-08 14:27:01','1970-04-29 15:20:43','laudantium'),
('185','Hic cumque debitis tempora deserunt reprehenderit aut dolor vitae. Provident omnis sit tempore aut tenetur et. Qui consequatur vel sint cumque maiores a.','quia','2002-11-23 23:10:05','2015-08-13 09:40:31','quisquam'),
('186','Sed sit repellendus maiores laborum et expedita rerum. In eos iure error eveniet. Rerum cupiditate at et unde.','excepturi','1999-07-27 07:45:35','1999-11-05 18:32:04','quam'),
('187','Perferendis in dolores asperiores fugiat vero ipsum occaecati. Quia nobis hic natus aut blanditiis ut corporis. Deleniti reprehenderit repudiandae vero animi. Est dicta libero aspernatur voluptatem dicta.','placeat','2005-02-28 19:21:22','2004-06-27 17:36:13','similique'),
('188','Voluptas nesciunt earum cupiditate impedit vel quia. Delectus nihil quia officia consectetur et. Veritatis molestias sapiente ea aliquam inventore et. Explicabo eos porro et repellendus.','illo','2004-01-23 12:55:28','2006-01-06 02:21:20','pariatur'),
('189','Eveniet quas quo quo perspiciatis non modi. Dolorem vero excepturi natus cum animi tempora quas. Eligendi mollitia facere error quo vero aliquid.','error','1984-03-29 21:51:24','1973-09-01 20:52:02','qui'),
('190','Explicabo quibusdam enim consequuntur eos quia. Recusandae laboriosam iste saepe. Et unde magnam rerum dignissimos eos distinctio. Ipsam et dignissimos quaerat sed sint enim eius velit. Quibusdam nihil quia veritatis perferendis dolores qui consectetur dolor.','maiores','1974-04-23 07:31:20','1989-06-23 22:09:20','vel'),
('196','Voluptates ea dolorum at dolore est fugit omnis repudiandae. Quae repudiandae quibusdam rem et quibusdam harum. Et enim perferendis rerum facere quo. Incidunt sequi esse omnis quia molestias qui nostrum.','voluptas','1996-10-24 07:03:17','2014-11-22 19:42:27','qui'),
('199','Perferendis necessitatibus qui voluptate. Aut rerum et minima inventore libero odio et. Iure amet quisquam necessitatibus molestiae voluptatem. Et nulla assumenda accusamus ut nostrum molestias minus delectus. Laboriosam quo repudiandae officia excepturi suscipit et natus.','officiis','2016-07-22 19:20:20','1986-01-07 06:09:41','facilis'),
('200','Ipsa ut mollitia temporibus minus esse fugiat debitis. Voluptas velit facilis doloremque et iste aspernatur est. Neque qui enim natus ut aperiam. Laboriosam aliquid temporibus eum officiis itaque.','dolorem','2005-05-09 01:46:14','1974-08-22 20:11:15','omnis'); 


DROP TABLE IF EXISTS `diarys`;
CREATE TABLE `diarys` (
  `user_id` bigint(20) unsigned NOT NULL AUTO_INCREMENT,
  `entry` text COLLATE utf8_unicode_ci DEFAULT NULL,
  `created_at` datetime DEFAULT current_timestamp(),
  `upddate_at` datetime DEFAULT current_timestamp() ON UPDATE current_timestamp(),
  PRIMARY KEY (`user_id`),
  CONSTRAINT `diarys_ibfk_1` FOREIGN KEY (`user_id`) REFERENCES `users` (`id`)
) ENGINE=InnoDB AUTO_INCREMENT=201 DEFAULT CHARSET=utf8 COLLATE=utf8_unicode_ci;

INSERT INTO `diarys` VALUES ('101','Dolores neque iste culpa consequuntur magnam ducimus. Cupiditate quis ducimus qui recusandae fugit. Iste et laboriosam ea sunt optio. Omnis excepturi soluta vero distinctio maiores deserunt rerum.','2002-11-04 16:07:12','1971-04-05 20:59:34'),
('102','Earum quis blanditiis beatae ut. Quisquam dolorem earum est magnam quas.','1999-08-15 02:41:55','2008-06-05 11:27:20'),
('103','Ratione temporibus assumenda quaerat est possimus iste culpa. Cumque dignissimos sequi similique voluptas impedit. Totam ut quaerat quae voluptas.','1980-03-20 10:19:49','2007-03-15 11:25:26'),
('104','Id ut aliquid eum qui delectus quisquam nihil molestiae. Iusto et iusto consectetur quisquam aut rerum. Culpa eos et et voluptatibus molestiae. Excepturi qui adipisci unde.','2013-03-25 13:47:17','1987-01-28 00:17:37'),
('107','Exercitationem nesciunt fuga necessitatibus consectetur dolor porro. Aut voluptas eius inventore et corporis aliquam. Vel odit iure aut non.','1983-06-27 03:58:47','1970-09-13 05:13:06'),
('108','Minus similique illo voluptatum. Omnis ea ea fugiat explicabo. Aut omnis ea placeat repellendus illum et voluptatum sint. Libero sit voluptate facere voluptatibus officia.','2018-01-21 03:25:19','2017-01-25 19:56:57'),
('110','Vitae temporibus vero qui tenetur. Beatae quia dolores quidem non quasi explicabo. Omnis provident voluptatibus accusamus nihil quo earum id. Libero at et repudiandae qui voluptate laborum est.','1993-02-20 22:44:32','1987-06-02 12:58:00'),
('111','Ea porro neque ut. Velit minima eum occaecati ut. Unde consequatur dolor fugit labore.','2018-02-21 17:31:08','1975-02-27 15:08:35'),
('112','In unde molestiae commodi magnam. Et autem molestiae sequi error vel. Quas qui blanditiis molestias cupiditate dolor. Ut doloribus ipsa nemo dolor.','1974-06-04 22:53:22','2005-09-27 18:46:31'),
('113','Molestias possimus nihil qui asperiores. Ut aut quas facere voluptas velit. Sunt necessitatibus id expedita ipsam corrupti rerum.','1976-03-02 14:33:28','1999-03-29 16:30:53'),
('118','Rerum aspernatur et aliquam at dolor. Rerum laborum ab rerum. Molestias non sint repellendus ab ex porro. Vel asperiores dolore ut error beatae eligendi.','2000-01-06 04:17:47','2003-01-14 09:44:13'),
('120','Voluptatem adipisci consequatur necessitatibus et nisi nisi. Excepturi non eligendi laudantium beatae in similique. Est minima perspiciatis nesciunt occaecati in.','1993-10-08 21:37:03','1985-04-23 20:21:18'),
('121','Fugit quia sunt qui rerum et porro minus. Exercitationem ut iste laborum qui deleniti occaecati. Unde vel quo sequi blanditiis laboriosam harum molestias.','2009-12-19 16:26:22','1976-10-07 12:23:10'),
('123','Quasi rerum voluptatem voluptatem quia. Perferendis architecto exercitationem amet corrupti. Voluptatum optio molestiae sint neque culpa. Perspiciatis necessitatibus sed quas repellendus rerum.','2003-11-01 04:27:17','1974-12-27 00:28:19'),
('125','Doloremque nemo et consequatur saepe enim. Alias fuga recusandae non ex blanditiis temporibus. Et qui culpa molestias labore earum asperiores.','2016-04-22 11:40:57','1974-08-26 13:28:41'),
('126','Et earum repudiandae sunt ipsam eos blanditiis quidem qui. Ut quaerat natus consequatur soluta. Qui et rerum id laudantium suscipit qui.','1978-02-14 07:06:51','1996-07-24 19:51:22'),
('127','Voluptates doloribus vel eligendi deserunt. Ipsum explicabo consectetur quisquam cumque. Praesentium id voluptatem architecto ratione.','1984-07-08 18:24:30','1983-12-13 05:42:08'),
('129','Id ullam velit sit doloribus ratione laudantium. Perspiciatis dicta itaque enim nulla. Distinctio distinctio accusantium earum non aut aut.','1994-09-06 20:04:24','1976-02-06 01:34:43'),
('132','Ad molestiae deserunt nisi et. Voluptatem quo totam tempore cupiditate sed quia sapiente.','2006-10-12 02:05:31','1998-02-22 22:03:03'),
('134','Sed ducimus voluptatem consequatur perferendis. Deleniti in dicta voluptas qui autem odio blanditiis rerum. Voluptatum perspiciatis esse labore quia temporibus praesentium officiis.','2000-10-02 12:56:27','1994-01-04 09:56:30'),
('135','Repellendus voluptates ipsum et odit in ab ea. Tenetur ut rerum quas animi et dolor. Ducimus aperiam ut ipsa voluptatum debitis sequi quae.','1988-04-12 07:50:41','1997-08-22 13:16:07'),
('137','Odio id voluptatem quia voluptatem aperiam quas. Eum ea sapiente earum dolorum est molestiae. Eaque vel facere vitae cum aut ducimus. Natus est quia molestiae autem cumque.','1970-04-19 02:58:40','1996-02-16 01:13:59'),
('138','Sint laudantium quos sequi nulla tenetur fuga. Inventore in velit dolor. Voluptatem quo nam commodi est ea eos.','1975-02-08 15:38:05','1982-10-15 15:02:46'),
('139','Possimus sit itaque ut quam. Ut esse quo vitae doloribus. Nulla temporibus consequatur repellat vel. Quisquam alias dolores repellat praesentium sapiente beatae. Natus est asperiores tenetur odio.','1983-02-15 22:44:52','1986-09-14 08:09:42'),
('140','Porro distinctio ipsa dicta dolores tenetur. Et id sunt maxime vitae quia omnis. Omnis rerum et a natus qui deserunt. Repudiandae nemo repellat voluptas earum eius.','1980-07-07 07:41:51','2011-02-06 01:27:12'),
('142','Error iste omnis quaerat explicabo. Ut consectetur libero magnam et atque. Voluptatum quia soluta sit earum eum nesciunt consequatur.','1999-12-24 23:41:36','1972-03-03 04:12:57'),
('143','Ea rerum provident cupiditate non. Ut porro quia consequatur sit. Rem dolorum excepturi labore tenetur. Alias officia consequuntur non ut molestias blanditiis.','1991-06-04 21:37:17','1995-02-11 04:05:45'),
('144','Pariatur aut fugiat officia sit ipsum veniam. Aut reprehenderit ut neque aut placeat. Quis eos earum quia.','2016-05-21 22:33:16','1980-11-29 03:10:05'),
('146','Natus qui tenetur qui et assumenda ipsa qui qui. Eligendi dicta deserunt voluptas harum doloribus. Rerum vero deleniti voluptatem fugiat aut amet vitae.','1988-04-29 20:55:07','2014-06-29 12:56:54'),
('148','Eum in voluptatem officia libero. Inventore iusto nulla sed officiis. Praesentium ipsa ipsam perspiciatis dolores ad ipsam est id.','1978-05-10 06:24:44','1970-08-30 08:28:10'),
('151','Est itaque reiciendis eos in similique et. Ut quod sed culpa aut eius ad est. Ratione nulla voluptas optio mollitia dolores consequatur expedita.','1979-10-13 03:26:09','1986-05-22 15:02:20'),
('154','Ipsam veritatis dicta minus omnis. Maiores id possimus error velit sit. Nam quibusdam earum voluptas ipsum eligendi.','1971-01-12 19:57:16','2003-07-04 22:50:55'),
('155','Ea ut nihil quas vel quia rerum. Sunt molestiae odio accusamus voluptas. Quae saepe fugiat ut rerum. Libero id quasi animi error.','1978-01-14 01:08:29','2014-05-20 01:51:36'),
('158','Et et non dolorem ut quo aut. Ipsum necessitatibus nisi est omnis aut omnis magni. Et impedit magni nam ea quo quia.','1986-05-07 05:23:42','1988-05-29 00:49:24'),
('159','Aliquid esse vero aut autem. Et natus debitis est explicabo beatae neque ducimus quo. Iusto officiis culpa dignissimos quas aut et labore. Ea qui maxime voluptatem quibusdam suscipit.','1978-07-10 12:08:50','1989-08-22 13:47:01'),
('163','Quasi aut facere qui velit unde reiciendis. Saepe beatae doloribus cupiditate consectetur iure consectetur blanditiis. Recusandae quae sit sunt non et quae. Illo aut ut culpa eveniet laudantium.','1990-04-30 21:42:51','2001-04-13 02:36:20'),
('164','Laborum eum et facere culpa corporis. Ducimus veniam architecto deleniti incidunt est soluta vitae. Culpa ab voluptatem repellat illo. Totam eum libero voluptas corporis id voluptatem sunt.','1980-08-21 08:45:01','2016-10-28 01:25:26'),
('167','Dolor aut officia numquam et qui. Corporis molestiae et tempora molestiae illum sed aut et. Quod nam nisi quo repudiandae similique.','1977-11-25 15:13:56','1981-01-09 03:58:02'),
('170','Dolorem ut consequatur distinctio ut ut. Quaerat ipsam amet ut aperiam voluptas et sapiente. Veritatis ut dolorum nulla.','1987-04-09 16:52:24','1999-05-27 03:55:29'),
('172','Aut et autem quis pariatur totam accusamus. Eos possimus quis ea dignissimos quia. Adipisci rerum consectetur eos qui perferendis et voluptate. Incidunt sit repellat reprehenderit et ducimus.','1991-09-29 21:37:20','1991-11-28 07:30:51'),
('174','Consequuntur dolorum voluptatem nulla ducimus. Ut quia cumque veritatis numquam et molestiae. Vitae numquam id eum dolorem placeat.','1983-03-26 03:51:58','1979-08-14 06:55:03'),
('176','Est est repudiandae nobis dolorem eos molestiae. Ex sequi suscipit aut omnis. Sunt rem at et eos dolores quasi minima. Aliquid quae vel deserunt.','1979-05-14 16:36:32','2012-08-24 14:40:53'),
('177','Qui quis quos aut quas est. Possimus ullam nihil aliquam dolorem officiis consequatur quidem. Reprehenderit minus facilis voluptatem inventore qui doloremque.','1973-01-01 09:57:50','1996-04-25 06:04:37'),
('179','Aut in eos magnam soluta voluptas eveniet sit. Enim nam recusandae voluptate. Corporis neque neque quasi nam accusamus delectus quasi voluptate.','1987-04-22 00:16:55','1980-07-26 20:44:27'),
('180','Maxime labore harum fugiat culpa accusamus nemo optio nesciunt. Ratione consectetur eaque reiciendis officia ut. Hic non nihil sit dolore.','1996-02-20 22:01:10','2011-07-27 11:45:09'),
('182','Voluptatem et et soluta et. Ut consequatur vel asperiores minus sint enim recusandae. Sunt repellat nesciunt repellendus. Est quasi animi ad laudantium natus eos quo voluptatum.','1991-04-17 09:34:00','1970-07-19 07:49:42'),
('185','Exercitationem pariatur sed quod quam sit corporis aliquid. Fuga et doloremque sint est nisi iure. Doloremque rerum nam ad et necessitatibus assumenda.','2014-03-06 22:25:40','1991-03-28 12:48:02'),
('186','Rerum ut error aut et ut inventore dolor. Dolores doloremque nihil omnis est.','1973-09-23 07:07:41','1979-10-30 10:00:43'),
('187','Sit quos aspernatur non amet. Quis et quos tenetur incidunt tempore soluta non id. Asperiores culpa saepe aut reiciendis voluptatibus soluta dolores. Quisquam accusantium doloremque delectus eos sit.','2007-05-20 17:59:04','2019-08-19 19:03:49'),
('188','Vitae voluptatibus quibusdam debitis corporis error quae. Error laboriosam voluptates omnis maiores sequi non delectus. Praesentium quis impedit fuga eligendi neque qui.','2006-05-28 04:57:28','2000-11-16 20:02:22'),
('189','Fugiat totam facere aut quis et vero nihil. Minima ut quas quia quaerat sed rerum dolor rerum. Et inventore cum autem.','2006-03-09 13:23:53','2005-03-15 02:43:15'),
('190','Dolores perspiciatis dicta enim vitae architecto. Temporibus consequuntur porro minus nihil quo eos ut sit. Ut enim facilis enim sed eos. Hic dolore et quo esse sunt aut.','1995-10-24 00:12:53','2001-07-19 01:02:35'),
('196','Aut illo non cum itaque sapiente. Et magnam perferendis ex.','1994-06-28 09:15:47','1990-10-06 21:30:55'),
('199','Deleniti fuga et aut nam ut quis necessitatibus sit. A magni quo rerum fuga provident. Modi perspiciatis expedita praesentium excepturi ut non. Cumque pariatur veniam et pariatur.','2016-06-27 17:21:17','1972-08-03 10:07:15'),
('200','Est omnis minus veritatis voluptatum doloribus voluptates. Iste vel fugit ut odit. Sed voluptatem quia consequatur officia.','1976-08-20 10:54:24','1983-01-03 19:24:41'); 


DROP TABLE IF EXISTS `other_channels`;
CREATE TABLE `other_channels` (
  `user_id` bigint(20) unsigned NOT NULL AUTO_INCREMENT,
  `telegram_id` bigint(20) DEFAULT NULL,
  `vk_id` bigint(20) DEFAULT NULL,
  `fb_id` bigint(20) DEFAULT NULL,
  PRIMARY KEY (`user_id`),
  CONSTRAINT `other_channels_ibfk_1` FOREIGN KEY (`user_id`) REFERENCES `users` (`id`)
) ENGINE=InnoDB AUTO_INCREMENT=201 DEFAULT CHARSET=utf8 COLLATE=utf8_unicode_ci;

INSERT INTO `other_channels` VALUES ('101','52','0','83'),
('102','96387177','0','10032997'),
('103','4','286066','2206'),
('104','18798','7339','744472655'),
('107','64459205','6','3'),
('108','41','65507958','57580'),
('110','0','57','8'),
('111','78','2857368','1531906'),
('112','0','3015064','498733'),
('113','3918024','43909960','483'),
('118','7783','409380','441170'),
('120','792053','15165','354087'),
('121','11993','0','3'),
('123','657208','58','836'),
('125','4043521','1199','0'),
('126','4996','0','291545179'),
('127','29856277','98391892','4645210'),
('129','9641745','908177116','470'),
('132','943','8','953075'),
('134','0','326745168','97'),
('135','609447671','927844129','0'),
('137','179949','2153464','9'),
('138','0','69229330','2279733'),
('139','577676','291300951','359'),
('140','27156','0','203'),
('142','776238','89277','9179'),
('143','0','981449','4'),
('144','85387709','9329918','385659'),
('146','80890387','4','1465'),
('148','8949481','1772534','15782'),
('151','92','993991018','57940106'),
('154','803386','385','18996959'),
('155','85','7522866','8710352'),
('158','0','77705','961900'),
('159','5143181','18891359','210'),
('163','783872','9','49384716'),
('164','0','8','955'),
('167','462','5573','394758'),
('170','130809585','370638','151221241'),
('172','27509380','9','84063'),
('174','9225','0','262179'),
('176','3','5970','0'),
('177','877','633','511141'),
('179','81293','1503894','3723981'),
('180','94459211','0','4569833'),
('182','3','4','0'),
('185','929','40552','0'),
('186','0','95366599','718'),
('187','5','62744','433'),
('188','5','482681','2651820'),
('189','33','1035316','49'),
('190','16688507','7411','7956'),
('196','416','881233','55113340'),
('199','96','63221912','59'),
('200','81962','839561216','822'); 


DROP TABLE IF EXISTS `profiles`;
CREATE TABLE `profiles` (
  `user_id` bigint(20) unsigned NOT NULL AUTO_INCREMENT,
  `gender` char(1) COLLATE utf8_unicode_ci DEFAULT NULL,
  `birthday` date DEFAULT NULL,
  `hometown` varchar(255) COLLATE utf8_unicode_ci DEFAULT NULL,
  `created_at` datetime DEFAULT current_timestamp(),
  `updated_at` datetime DEFAULT current_timestamp() ON UPDATE current_timestamp(),
  PRIMARY KEY (`user_id`),
  CONSTRAINT `profiles_ibfk_1` FOREIGN KEY (`user_id`) REFERENCES `users` (`id`)
) ENGINE=InnoDB AUTO_INCREMENT=201 DEFAULT CHARSET=utf8 COLLATE=utf8_unicode_ci;

INSERT INTO `profiles` VALUES ('101','M','1974-01-13','Port','1990-05-01 09:16:23','1972-04-05 06:36:09'),
('102','M','1981-03-24','West','1971-12-29 19:40:50','1988-08-13 14:02:01'),
('103','M','2009-03-15','Lake','2004-01-17 21:34:29','1995-05-03 21:54:42'),
('104','M','1999-10-11','South','2016-09-15 10:52:52','2005-08-16 16:31:32'),
('107','M','2006-07-03','East','2005-11-17 13:21:15','2019-01-12 12:50:13'),
('108','M','1974-01-22','Lake','2017-04-06 13:37:28','2002-10-26 10:06:04'),
('110','D','1986-05-07','North','1998-03-27 14:54:45','2018-01-15 22:30:12'),
('111','P','2005-07-22','Lake','1991-08-23 01:40:16','2000-01-01 22:57:21'),
('112','D','1981-12-23','West','1996-02-03 01:56:10','1997-02-13 15:15:17'),
('113','P','2007-09-09','New','2014-08-20 20:58:28','1990-02-21 07:55:18'),
('118','D','2018-08-27','New','1971-01-20 23:16:40','2013-05-16 08:27:54'),
('120','P','1999-02-03','East','2007-02-27 21:07:10','2016-02-16 19:18:58'),
('121','P','1975-11-23','North','2001-04-15 17:19:16','2002-11-06 08:52:17'),
('123','P','1970-09-22','Lake','1988-12-12 06:01:25','2002-08-07 23:29:17'),
('125','D','1991-12-09','Lake','2004-05-16 15:56:45','2007-02-14 21:26:27'),
('126','M','1973-12-11','Port','1987-05-25 09:52:52','2008-07-18 07:10:00'),
('127','M','1994-07-21','South','1991-10-16 07:32:45','1991-08-22 11:06:13'),
('129','M','1975-05-30','West','2001-01-19 12:57:02','1975-06-26 21:56:15'),
('132','M','2015-12-20','North','1982-08-23 19:08:54','2002-07-11 18:43:16'),
('134','P','1988-04-15','Lake','1971-10-06 22:30:52','1996-10-28 09:03:17'),
('135','M','2016-02-19','South','2014-07-19 08:06:27','1970-01-20 08:18:09'),
('137','M','1993-10-17','New','1997-01-30 10:22:28','1976-07-25 22:11:05'),
('138','D','1978-08-05','South','1985-04-09 17:11:54','2000-07-01 20:28:28'),
('139','P','1988-10-17','South','2016-05-02 14:34:02','2009-11-11 21:34:04'),
('140','M','1973-11-13','Lake','1980-03-08 03:12:07','2004-03-30 00:30:40'),
('142','P','2004-05-09','South','2016-07-06 21:37:25','2007-04-18 16:56:43'),
('143','M','2003-07-07','Port','2004-01-07 02:32:33','1983-04-22 05:22:02'),
('144','D','1985-11-22','South','2014-09-17 13:10:32','2001-01-25 07:46:00'),
('146','P','1998-04-26','West','2005-02-21 12:02:32','1989-08-10 05:50:22'),
('148','P','2019-06-17','East','1970-04-25 13:06:08','1994-12-31 03:48:25'),
('151','P','2002-02-01','Lake','2002-02-12 19:20:07','2005-05-20 16:36:31'),
('154','M','1988-04-19','New','1979-05-13 21:55:36','1974-05-15 09:01:27'),
('155','M','1975-08-30','South','1990-09-18 12:57:50','2015-07-31 02:08:40'),
('158','P','1984-01-26','East','1989-01-08 00:16:14','1978-01-07 09:54:24'),
('159','M','2018-03-06','Lake','2004-07-06 07:29:58','1990-04-20 07:45:34'),
('163','D','1980-07-29','New','1979-12-29 21:56:40','1993-01-12 02:42:21'),
('164','M','1994-08-09','Lake','2012-01-15 09:29:44','1990-08-12 19:24:18'),
('167','D','2008-01-07','New','1996-11-15 05:54:20','1983-04-03 16:22:42'),
('170','M','1995-07-11','West','1973-10-20 11:09:23','2005-03-06 08:39:43'),
('172','M','2003-02-07','Port','1983-10-19 20:56:35','1998-01-07 12:09:01'),
('174','M','1998-12-09','West','1980-06-20 21:04:41','2013-07-17 18:23:21'),
('176','P','1983-08-24','Port','2013-12-25 17:08:42','1976-08-25 01:22:28'),
('177','P','2006-10-18','West','2007-05-23 04:36:12','2000-04-01 15:25:10'),
('179','D','1991-03-05','South','2001-09-27 17:33:15','1996-03-25 23:38:23'),
('180','M','1996-09-24','South','1984-09-29 05:36:39','2008-10-21 23:45:16'),
('182','D','1996-04-03','New','1995-09-15 07:27:09','1986-03-21 14:18:00'),
('185','P','1991-06-26','North','1980-08-04 16:02:47','1995-09-24 15:58:02'),
('186','M','1987-05-25','North','1998-11-18 18:41:18','1970-12-02 00:48:25'),
('187','M','2008-05-06','East','2013-03-04 20:11:16','2006-11-06 04:27:18'),
('188','M','2003-11-26','North','2018-07-15 03:18:20','2005-11-28 21:20:31'),
('189','M','2007-12-11','South','2018-02-12 04:23:06','2007-06-13 08:33:31'),
('190','M','2003-04-08','North','1991-03-12 07:13:06','1970-07-09 13:17:21'),
('196','M','2009-10-09','West','1998-08-10 07:38:55','1976-04-26 21:34:59'),
('199','D','2007-01-06','North','2004-10-16 18:39:38','1984-06-24 16:33:35'),
('200','D','2015-07-29','Lake','2017-12-18 12:01:27','2019-06-26 00:29:56'); 


DROP TABLE IF EXISTS `purpose_levels`;
CREATE TABLE `purpose_levels` (
  `id` bigint(20) unsigned NOT NULL AUTO_INCREMENT,
  `name` varchar(255) COLLATE utf8_unicode_ci DEFAULT NULL,
  PRIMARY KEY (`id`)
) ENGINE=InnoDB AUTO_INCREMENT=11 DEFAULT CHARSET=utf8 COLLATE=utf8_unicode_ci;

INSERT INTO `purpose_levels` VALUES ('1','eligendi'),
('2','doloremque'),
('3','repellendus'),
('4','dolorem'),
('5','et'),
('6','eum'),
('7','enim'),
('8','culpa'),
('9','quod'),
('10','id'); 


DROP TABLE IF EXISTS `purposes`;
CREATE TABLE `purposes` (
  `user_id` bigint(20) unsigned NOT NULL AUTO_INCREMENT,
  `essence` text COLLATE utf8_unicode_ci DEFAULT NULL,
  `number_steps` int(11) DEFAULT NULL,
  `created_at` datetime DEFAULT current_timestamp(),
  `purpose_status` varchar(255) COLLATE utf8_unicode_ci DEFAULT NULL,
  `updated_at` datetime DEFAULT current_timestamp() ON UPDATE current_timestamp(),
  `level_id` bigint(20) unsigned NOT NULL,
  PRIMARY KEY (`user_id`),
  KEY `level_id` (`level_id`),
  CONSTRAINT `purposes_ibfk_1` FOREIGN KEY (`user_id`) REFERENCES `users` (`id`),
  CONSTRAINT `purposes_ibfk_2` FOREIGN KEY (`level_id`) REFERENCES `purpose_levels` (`id`)
) ENGINE=InnoDB AUTO_INCREMENT=201 DEFAULT CHARSET=utf8 COLLATE=utf8_unicode_ci;

INSERT INTO `purposes` VALUES ('101','Ratione tempora labore aut et. Minima ea sunt occaecati ut. Saepe dicta totam distinctio quia error neque explicabo. Optio doloremque eveniet quis qui vel minus et.','53089957','1986-05-01 06:18:31','Molestiae illo expedita ut fugiat rerum sit.','2018-12-13 06:22:43','1'),
('102','Vel aspernatur neque sint quae iure excepturi. Odio neque nobis vel omnis. Qui dolorem eius nam quae quis. Ipsum quae velit repellendus et illo ut dolor corporis.','829999','2001-05-08 10:38:15','Rerum illo et sit voluptatem.','1984-03-15 13:35:16','2'),
('103','Non quod totam quis ipsa debitis. Consequatur fuga nesciunt rerum et. Eaque rerum accusantium quis asperiores.','19476386','1971-06-18 18:41:42','Mollitia perferendis omnis eligendi assumenda in hic.','1995-07-17 16:35:01','3'),
('104','Autem reiciendis voluptates corrupti iure. At odit nihil dolor. Aspernatur sed molestiae et minus ea.','68359711','1996-06-30 14:22:26','Voluptate vel excepturi optio vitae tempora aperiam sit voluptatem.','1985-03-13 23:40:59','4'),
('107','Numquam blanditiis quis atque sed. Quos illum provident debitis quibusdam quasi dolores perferendis dolores. Aut at a eligendi id beatae accusantium. Consequatur quia enim tempore illum.','189090','1990-06-25 19:51:16','Vitae nobis dolorem ea vel ipsam quis.','1974-03-19 11:11:19','7'),
('108','Reiciendis eum ut autem reiciendis aperiam. Iste est reiciendis dicta modi voluptate doloribus quas. Eos rerum praesentium dolorum adipisci. Dolorem esse id ut aperiam perspiciatis eius.','68936','1982-09-12 10:07:17','Omnis harum repellat nemo suscipit.','1993-01-24 09:14:46','8'),
('110','Eaque animi doloremque qui voluptatem autem repellat fuga. Molestiae itaque voluptate fugit ea. Praesentium reprehenderit ut deserunt maiores itaque aut praesentium. Est voluptatem et enim fuga ut rem pariatur.','504175','2011-10-22 17:06:12','Dolores suscipit nihil qui dolorem enim amet.','2001-04-13 23:12:44','10'),
('111','Velit eaque similique illo ratione ut placeat. Dolorem vitae molestias perspiciatis autem aut. Dolores repellat aut cum vel quisquam. Porro totam laborum consectetur labore labore quas. Sunt quia tenetur sit quia aliquam est quisquam.','9','1994-10-14 00:12:56','Porro ipsum dolore quia.','1991-10-12 13:47:27','1'),
('112','Facilis voluptatem perspiciatis itaque repellat aspernatur. Ipsam aut consequatur ad qui totam error. Nemo quisquam eum consequatur deserunt dolor. Qui mollitia modi in voluptatum ut sit ut.','10817979','2019-04-19 21:56:53','Et sit odit rerum possimus voluptas a hic sapiente.','2011-03-15 18:41:21','2'),
('113','Pariatur earum cumque maxime dolores dolore id. Enim quis omnis esse. Sint omnis corrupti tenetur mollitia necessitatibus enim.','5','2006-08-12 14:11:03','Maxime inventore consequatur atque officia voluptas aut quod voluptatem.','1982-07-09 10:22:51','3'),
('118','Facere iusto officia sint ab quia. Perspiciatis fuga eligendi assumenda sit et molestiae. Maxime quas quia non eius eius odit ut. Cupiditate doloribus quia ea consequatur voluptates. Tempore fugiat ut iure nam debitis.','763','2007-10-03 12:30:19','Ea pariatur at et voluptatem.','1992-04-21 05:11:10','8'),
('120','Et et quia incidunt reprehenderit. Voluptatem aliquid voluptatum qui molestiae est. Deserunt earum id omnis a laborum non ut minus. Quas hic rerum illo ullam occaecati voluptatem quam.','0','1989-09-07 02:09:48','Maiores et quos fugit eaque doloribus unde voluptatibus.','1976-11-15 13:09:04','10'),
('121','Sit quo aspernatur magni aliquam nulla architecto quo laudantium. Fugit libero qui magnam nulla repellendus. Maxime aut soluta in iusto nulla veritatis.','799','2005-10-26 07:24:04','Rerum quas ipsa voluptatem incidunt reiciendis dicta.','1990-04-28 20:58:44','1'),
('123','Aut delectus non tenetur aut veniam quod. Iste recusandae minima aliquid quidem molestiae est sit. Et aut tenetur natus itaque. Est ducimus voluptatem tempore.','503538677','2012-02-11 00:01:37','Animi vitae non fugit est saepe.','1998-12-01 22:54:11','3'),
('125','Non voluptate nostrum quas. Cum est itaque velit facere rerum est. Rerum accusamus delectus fuga qui blanditiis doloremque. Eaque similique sed ipsa eaque quae et temporibus ratione.','9996','2001-11-27 17:48:44','Distinctio dolorum voluptatem ut.','2004-07-23 16:24:21','5'),
('126','Architecto eum non ut reprehenderit dignissimos delectus laboriosam. Doloribus quia et odio nesciunt saepe corporis. Possimus numquam accusamus et. Architecto quis aut sit aspernatur totam perferendis repudiandae voluptatum.','6','2004-03-27 11:19:44','Excepturi ipsum porro ducimus modi voluptatum dolore.','1996-12-21 02:04:47','6'),
('127','Quia alias aut mollitia magnam incidunt neque magnam. Nulla iusto qui laboriosam natus. Reprehenderit rerum minima aut tenetur vel earum ipsam ad.','7399','1991-12-29 02:38:58','Quidem et atque in ut totam amet.','2009-03-07 07:28:30','7'),
('129','Et aut porro hic quo quisquam temporibus dignissimos. Et aut sed odio ipsum rerum nulla consequatur dolor. Ut provident consectetur rerum id ut dolores qui.','54','2005-07-29 16:03:01','Est et laborum sapiente explicabo.','1972-11-07 05:55:44','9'),
('132','Voluptas repellendus aut eveniet pariatur. Sed a enim iusto perferendis accusamus et quia aperiam. Labore minima et voluptatem consequatur voluptatibus occaecati.','8328','1974-07-30 04:37:04','Doloribus molestiae nobis quas similique eius sunt.','1976-06-11 14:58:53','2'),
('134','Reprehenderit odit et ea officiis natus vel voluptatibus. Assumenda rem vel perferendis non. Quasi sapiente officia voluptatibus numquam.','8','2013-10-30 06:03:35','Ipsum voluptates porro aut qui nesciunt.','2010-03-11 12:38:49','4'),
('135','Rerum fuga autem delectus assumenda nemo. Aspernatur eos eum tempore sint. Aliquam sed in id nesciunt asperiores et minima.','86','1997-04-19 10:45:05','Cumque necessitatibus ipsam tempore ipsa.','1988-03-12 18:45:31','5'),
('137','Ullam quo unde odio qui. Eum et voluptatem magnam. Quibusdam qui aliquam laboriosam soluta qui accusamus inventore. Dolores sit quidem temporibus inventore harum distinctio voluptas.','748','1995-01-17 20:54:43','Aut voluptatem veniam praesentium eum nam quia.','1981-01-19 13:40:22','7'),
('138','Et officiis aut voluptatem et quidem eos et. Qui aut illo voluptatibus itaque. Vel quis rerum enim et ab ut consequatur.','443','2017-12-16 01:02:41','Voluptatem repudiandae quo delectus voluptatem sunt nemo officiis et.','1998-07-01 21:39:28','8'),
('139','Non blanditiis quia laboriosam quos accusamus qui doloremque. Inventore alias est beatae magnam odit et impedit. Nostrum odio dolorem soluta vitae ea adipisci corrupti. Ad et sequi eum beatae quia rerum.','27','1978-08-12 23:39:52','Excepturi deserunt deserunt harum sit ut.','2017-12-17 01:01:09','9'),
('140','Mollitia in est eius aperiam. Et doloremque quia doloribus vel odit dolorem. Consequatur ut quas enim quo nam ex quis.','53090','1994-01-11 10:08:53','Non ratione praesentium accusantium facere quia consequuntur eum.','1993-08-04 02:16:49','10'),
('142','Asperiores esse iure iusto sapiente rerum adipisci reprehenderit. Aut impedit laborum ex qui eum qui ut. Qui error quia explicabo quam impedit.','307','2011-02-23 04:06:40','Sequi sequi quis est cumque ratione iure et.','2012-09-04 16:52:01','2'),
('143','Ex repellat deleniti praesentium molestiae. Dolorum culpa dignissimos omnis est corporis. Est ipsa voluptate sed asperiores odit non quisquam laudantium. Mollitia maxime et enim itaque magni quia sequi ab.','760','1975-08-28 13:14:47','Vel rerum ullam reprehenderit voluptatem tempore iusto et.','1972-02-14 04:27:55','3'),
('144','Dolorem ipsa sint quasi et voluptas qui eaque. Totam dolor ut repellendus dolore.','88','2001-07-14 13:14:15','Explicabo maxime ut reiciendis et natus quam numquam.','1984-12-25 17:56:47','4'),
('146','Eveniet consectetur tempora cumque qui ipsum facere officiis. Beatae rerum adipisci sit ducimus voluptas. Ad necessitatibus est sed cum. Odio sit alias nostrum impedit et atque et.','16229','1993-12-17 20:24:21','Veritatis quia iste qui ea aut.','1985-05-18 20:02:42','6'),
('148','Amet unde deleniti reprehenderit cumque laudantium. Ipsa voluptate modi ut voluptatem nobis similique. Sed et fuga aut ut porro.','817644','2007-08-20 05:31:08','Sint esse placeat quia reiciendis aut est.','2011-12-17 19:23:10','8'),
('151','Qui tempora earum id quia iusto et doloremque. Sequi incidunt autem suscipit. Rerum qui rem ab non dolores. Expedita officiis doloremque autem temporibus. Est distinctio eos hic itaque fuga necessitatibus aut.','722027128','2012-10-08 21:07:18','Error eos quo sunt ut.','1971-10-26 01:55:59','1'),
('154','Autem tempora et ratione id mollitia. Est porro officiis repudiandae maiores. Incidunt deserunt voluptas hic repellendus sapiente vel corporis. Dicta magnam molestias harum est dolore.','263211','2005-06-12 07:43:54','Itaque deleniti rerum aliquid est veniam.','1986-05-22 13:29:14','4'),
('155','Qui blanditiis tempore aut aliquam beatae quia ut nemo. Aut quis placeat laboriosam voluptas odit. Nostrum et fugiat ullam distinctio atque qui.','8601','2004-01-13 14:51:09','Optio aperiam sint repellendus molestiae hic.','2013-09-23 23:26:00','5'),
('158','Sit quia facilis autem at veniam. Omnis odio modi earum non praesentium aliquam. In est ut quaerat molestiae. Alias eum fuga voluptas praesentium voluptatem aliquid quaerat consequuntur.','18368809','2012-01-18 08:10:34','Dicta dolores voluptas tempora porro facilis odio aut.','1989-12-14 19:49:55','8'),
('159','Earum nemo ea temporibus id. Quis corrupti officiis rerum. Voluptatem id expedita beatae velit et sed consequatur.','837746','2008-06-25 12:28:17','Dolores ab sunt fugit.','1974-08-25 00:31:04','9'),
('163','Atque optio est est eligendi delectus voluptatem occaecati. Possimus omnis odio qui et repudiandae. Porro aut voluptas voluptate nobis aut enim voluptas laudantium. Eligendi a possimus non maxime minima aut sed.','49846444','2013-11-27 00:43:50','Provident sit iusto ut ut.','2008-01-17 15:46:55','3'),
('164','Dolore molestiae iure non quos aliquid. Odio repellendus expedita totam accusantium animi et. Nisi molestiae repellendus eveniet facere eos repudiandae non. Incidunt harum sapiente optio nulla quia.','4539936','2010-08-28 00:49:02','Architecto ut qui aliquid deleniti.','2013-04-24 10:31:39','4'),
('167','Totam voluptatem esse quas ut deserunt ratione ducimus. Illum adipisci consequuntur voluptate qui adipisci dolorem. Nobis optio excepturi velit ea voluptatem architecto quas. Necessitatibus doloribus repellat exercitationem non voluptatem accusamus.','575854','1992-12-03 02:25:03','Quos nihil sed quo alias quia dolor.','2003-10-03 15:33:40','7'),
('170','Vel rerum velit placeat ratione et. Eum ipsum reprehenderit dolor nobis fugit omnis aut. Excepturi reprehenderit saepe earum ullam. Architecto veritatis ut fugiat iusto iusto odit fugiat.','0','1974-01-12 18:46:06','Eaque nostrum vel illum explicabo odio voluptas.','2017-10-03 00:20:17','10'),
('172','Qui omnis quod aperiam eaque ut. Animi rerum in ex dignissimos at. Nisi aliquam voluptas libero eius et.','328968239','2013-01-27 01:01:03','Enim excepturi optio reiciendis aut.','1991-10-04 21:16:15','2'),
('174','Suscipit a nulla dolores et rerum. Sed velit laudantium numquam explicabo. Sint voluptatem et sint nesciunt ducimus. Quo provident qui magnam cupiditate rerum.','768319','2011-09-01 22:05:58','Sed hic et eaque vitae quia.','1994-05-28 05:00:03','4'),
('176','Repellat sapiente minima ex placeat. Sequi repellat tempore omnis mollitia harum. Id architecto ratione esse quis excepturi magni. Et sit recusandae quasi consectetur.','31775575','1978-07-12 21:40:16','Adipisci fugiat consequatur laborum ut vel molestiae.','2018-01-28 06:56:47','6'),
('177','Tempora aspernatur qui perspiciatis assumenda sint. Est sunt rerum et ad tempore quisquam. Nemo sit natus consequatur ipsa dolore.','2','2000-07-23 13:42:30','Quas in dolor et commodi explicabo similique.','1998-03-20 17:20:18','7'),
('179','Recusandae eos ullam aliquam officiis beatae ab. Consequatur at eos illo quod et ut. Iure aliquam reprehenderit consequatur quo modi qui consequatur error.','7','2000-01-27 18:00:13','Laborum cumque deleniti tenetur praesentium blanditiis.','2016-07-16 21:04:14','9'),
('180','Sapiente tempore repudiandae molestiae eum cum placeat. Quam asperiores placeat et facilis aut rem. Non eos sint et impedit facere. Ab veniam sunt earum asperiores qui.','6','1976-02-01 13:19:02','Sequi alias praesentium ut non.','1992-10-03 01:04:59','10'),
('182','Sit ipsam consectetur nisi. Soluta rerum qui pariatur beatae et dolorem quo.','0','1973-03-05 06:36:32','Recusandae officiis et ut perferendis.','1980-09-03 02:09:56','2'),
('185','Et eius dolores optio dolor pariatur quia. Eligendi adipisci error sit sunt. Ipsam atque est commodi laudantium nemo.','190','1979-09-14 06:05:28','Libero neque consequatur laborum in veniam deleniti architecto.','1984-10-15 01:57:04','5'),
('186','Qui ipsa minima aut voluptatum vero perferendis vel blanditiis. Minus iure voluptatem est vel dolor sint saepe quia.','229','1995-12-31 09:22:53','Harum consectetur consequatur neque et est voluptas.','1993-05-11 16:45:57','6'),
('187','Quis fuga iusto quis fuga enim velit adipisci odit. Voluptas voluptatem eum qui deserunt laboriosam aut. Aut aut quos id labore doloremque nihil sunt.','468282975','1991-02-02 21:06:35','Velit dolorem atque cumque qui sequi omnis explicabo.','1988-02-11 13:07:38','7'),
('188','Porro est placeat et enim in provident. Impedit est voluptatem omnis blanditiis quibusdam ut.','1','1979-05-21 20:01:19','Maiores totam magni quod et ut.','2014-07-27 14:51:07','8'),
('189','Magni natus qui nulla ratione. Laborum vel rerum id quisquam et libero. Qui odio numquam deleniti consectetur alias. Sed incidunt est amet et voluptatem voluptatem quia.','211','1981-06-22 12:36:43','Repellendus corporis dolore voluptates cupiditate optio et maxime.','1989-09-16 20:23:51','9'),
('190','Omnis autem fugit consequuntur harum officia excepturi quis. Perspiciatis ipsum necessitatibus qui architecto voluptate aut delectus. Aut rerum explicabo beatae itaque aut.','0','1994-02-03 10:52:50','Voluptatem repudiandae officiis eveniet autem.','2017-06-22 12:15:00','10'),
('196','Ut vel magnam nam unde ipsa. Occaecati qui veniam officiis quis. Aspernatur ex consequuntur et similique.','32075','2018-03-15 09:01:53','Itaque dolor voluptatum quas ut.','1972-05-05 16:03:31','6'),
('199','Doloribus ipsum aut labore est accusantium. Asperiores minus ipsam qui tempora dolor quidem. Est in hic facilis tempora reiciendis provident dolor. Nihil neque accusantium quam voluptatum est sed occaecati. Totam adipisci aliquam velit itaque dolore.','899','2017-08-29 01:52:37','At dolores maiores odio rerum.','1999-03-19 19:54:04','9'),
('200','Dolore necessitatibus aut sed eos aut doloremque. Repellat dolorem ex velit sunt dolor dolorem qui dolorem. Et doloribus dolorem incidunt necessitatibus reprehenderit repellendus. Quia nam quas aut quasi cupiditate suscipit.','4','1993-02-04 03:56:17','Aut velit dolorem odit sed quo eos et.','2005-03-08 06:47:03','10'); 


DROP TABLE IF EXISTS `retrospective_issues`;
CREATE TABLE `retrospective_issues` (
  `id` bigint(20) unsigned NOT NULL AUTO_INCREMENT,
  `issue` text COLLATE utf8_unicode_ci DEFAULT NULL,
  `onboarding` int(11) DEFAULT NULL,
  PRIMARY KEY (`id`)
) ENGINE=InnoDB AUTO_INCREMENT=21 DEFAULT CHARSET=utf8 COLLATE=utf8_unicode_ci;

INSERT INTO `retrospective_issues` VALUES ('1','Nobis esse et sit ex sit.','6'),
('2','Assumenda quam sunt qui et dolore consequatur delectus.','4'),
('3','Voluptates soluta optio voluptate ut enim provident.','9'),
('4','Sit ut quia illum voluptate autem.','9'),
('5','Nulla quisquam earum nostrum voluptas quis rerum.','7'),
('6','Ad animi eum facilis aliquam.','1'),
('7','Qui nisi nesciunt fugiat ad.','9'),
('8','Et aliquid quia corrupti iure.','3'),
('9','Distinctio amet error optio est.','3'),
('10','Reprehenderit aliquid veniam et perferendis totam aperiam quisquam.','1'),
('11','In assumenda laudantium id aut rerum.','7'),
('12','Vero inventore et vero sit sed sapiente eum.','1'),
('13','Commodi quas nesciunt suscipit eos.','5'),
('14','Quia quia veniam ad illo repellat dolorum.','1'),
('15','Quibusdam totam veniam minus et suscipit.','1'),
('16','Cumque consequatur voluptatem nulla voluptates voluptas.','1'),
('17','Officia non quia molestias minus ducimus necessitatibus porro.','9'),
('18','Id aut eum et neque doloribus magnam maiores.','4'),
('19','Repudiandae quia officiis nulla et.','9'),
('20','Nam omnis magni quia et dicta.','3'); 


DROP TABLE IF EXISTS `skill_base_list`;
CREATE TABLE `skill_base_list` (
  `id` bigint(20) unsigned NOT NULL AUTO_INCREMENT,
  `title` varchar(255) COLLATE utf8_unicode_ci DEFAULT NULL,
  `point_range` int(11) DEFAULT NULL,
  PRIMARY KEY (`id`)
) ENGINE=InnoDB AUTO_INCREMENT=11 DEFAULT CHARSET=utf8 COLLATE=utf8_unicode_ci;

INSERT INTO `skill_base_list` VALUES ('1','ut','9'),
('2','natus','4'),
('3','ea','9'),
('4','deleniti','2'),
('5','a','6'),
('6','voluptas','6'),
('7','qui','7'),
('8','vero','0'),
('9','ab','7'),
('10','sit','8'); 


DROP TABLE IF EXISTS `training_cources`;
CREATE TABLE `training_cources` (
  `id` bigint(20) unsigned NOT NULL AUTO_INCREMENT,
  `name` varchar(255) COLLATE utf8_unicode_ci DEFAULT NULL,
  `created_at` datetime DEFAULT current_timestamp(),
  `update_at` datetime DEFAULT current_timestamp() ON UPDATE current_timestamp(),
  `creator_id` bigint(20) unsigned NOT NULL,
  `topic_id` bigint(20) unsigned NOT NULL,
  `media_type` enum('text','audio','video') COLLATE utf8_unicode_ci DEFAULT NULL,
  `linc` varchar(255) COLLATE utf8_unicode_ci DEFAULT NULL,
  `metadata` longtext CHARACTER SET utf8mb4 COLLATE utf8mb4_bin DEFAULT NULL,
  PRIMARY KEY (`id`),
  KEY `creator_id` (`creator_id`),
  KEY `topic_id` (`topic_id`),
  CONSTRAINT `training_cources_ibfk_1` FOREIGN KEY (`creator_id`) REFERENCES `users` (`id`),
  CONSTRAINT `training_cources_ibfk_2` FOREIGN KEY (`topic_id`) REFERENCES `cource_topics` (`id`)
) ENGINE=InnoDB AUTO_INCREMENT=31 DEFAULT CHARSET=utf8 COLLATE=utf8_unicode_ci;

INSERT INTO `training_cources` VALUES ('1','expedita','2016-08-03 06:51:50','1995-04-24 17:14:20','101','1','video','example.com','application/jsonml+json'),
('2','molestiae','1974-10-19 17:59:47','1998-10-27 09:25:43','102','2','audio','example.com','application/vnd.semd'),
('3','nobis','2016-03-12 19:20:27','1995-05-02 19:25:06','103','3','text','example.org','message/rfc822'),
('4','animi','1971-05-21 00:24:23','1980-08-14 12:19:31','104','4','audio','example.com','application/vnd.xara'),
('5','aspernatur','1992-02-10 00:33:02','1970-06-21 13:06:19','107','5','audio','example.com','application/vnd.igloader'),
('6','est','1983-04-04 12:48:08','2015-11-10 12:58:54','108','6','audio','example.net','audio/x-ms-wax'),
('7','sunt','1975-09-26 19:33:12','1987-07-27 03:40:33','110','7','audio','example.net','text/vnd.wap.wmlscript'),
('8','nobis','1999-05-12 09:28:52','1999-03-13 19:51:10','111','8','text','example.net','application/vnd.recordare.musicxml+xml'),
('9','aspernatur','2002-09-02 09:43:34','2004-04-15 22:23:37','112','9','video','example.com','application/x-wais-source'),
('10','ipsum','1984-05-23 15:05:03','1985-01-30 19:06:50','113','10','video','example.org','audio/mpeg'),
('11','velit','1971-06-14 08:31:27','2009-07-20 12:12:07','118','11','video','example.net','model/x3d+vrml'),
('12','delectus','1984-06-19 09:33:16','1997-04-18 19:31:01','120','12','audio','example.com','application/vnd.olpc-sugar'),
('13','quos','2013-11-18 11:49:00','1985-08-12 21:18:20','121','13','video','example.com','application/xproc+xml'),
('14','recusandae','2006-08-17 01:47:35','2002-12-26 20:27:09','123','14','video','example.org','application/vnd.sun.xml.calc.template'),
('15','ipsum','2019-08-10 17:44:39','1990-02-26 10:34:40','125','15','audio','example.org','image/x-portable-pixmap'),
('16','facere','2014-06-18 16:04:11','1971-02-25 13:43:32','126','1','video','example.org','video/3gpp2'),
('17','voluptatem','1981-11-09 06:05:11','2007-09-25 02:26:24','127','2','text','example.net','application/x-shar'),
('18','iusto','1984-03-02 15:57:29','2006-01-18 14:06:48','129','3','video','example.net','application/vnd.openxmlformats-officedocument.wordprocessingml.document'),
('19','ab','1982-10-14 22:05:45','2002-04-04 18:12:29','132','4','video','example.net','image/g3fax'),
('20','consequatur','1991-03-15 00:13:06','1980-08-13 22:39:57','134','5','text','example.com','audio/x-caf'),
('21','optio','2006-11-04 07:21:11','2003-11-01 03:01:19','135','6','video','example.org','application/vnd.oasis.opendocument.chart-template'),
('22','dolores','1994-04-27 11:52:06','1971-02-26 21:26:57','137','7','text','example.net','application/x-ustar'),
('23','quibusdam','1971-09-12 00:04:48','1991-11-21 20:07:16','138','8','text','example.net','application/vnd.ibm.secure-container'),
('24','aut','1975-10-11 09:49:00','1971-03-21 10:49:58','139','9','video','example.net','audio/x-caf'),
('25','fuga','1979-04-20 10:52:18','2005-02-06 23:48:52','140','10','audio','example.org','text/vnd.fmi.flexstor'),
('26','explicabo','1981-02-26 19:51:33','1990-08-02 15:52:01','142','11','audio','example.org','application/xslt+xml'),
('27','eaque','1995-05-28 06:26:09','1970-02-05 04:49:11','143','12','video','example.com','image/x-rgb'),
('28','et','2017-01-26 06:19:33','1991-10-12 18:33:38','144','13','audio','example.com','application/vnd.fdsn.seed'),
('29','quidem','2014-10-16 13:25:51','1996-05-03 23:58:24','146','14','text','example.net','application/vnd.webturbo'),
('30','autem','1979-07-28 14:54:34','1983-07-20 03:31:02','148','15','text','example.org','application/vnd.sema'); 


DROP TABLE IF EXISTS `user_skills`;
CREATE TABLE `user_skills` (
  `user_id` bigint(20) unsigned NOT NULL AUTO_INCREMENT,
  `skill_id` bigint(20) unsigned NOT NULL,
  `skill_level` int(11) DEFAULT NULL,
  `skill_points` int(11) DEFAULT NULL,
  `created_at` datetime DEFAULT current_timestamp(),
  `upddate_at` datetime DEFAULT current_timestamp() ON UPDATE current_timestamp(),
  PRIMARY KEY (`user_id`),
  KEY `skill_id` (`skill_id`),
  CONSTRAINT `user_skills_ibfk_1` FOREIGN KEY (`user_id`) REFERENCES `users` (`id`),
  CONSTRAINT `user_skills_ibfk_2` FOREIGN KEY (`skill_id`) REFERENCES `skill_base_list` (`id`)
) ENGINE=InnoDB AUTO_INCREMENT=201 DEFAULT CHARSET=utf8 COLLATE=utf8_unicode_ci;

INSERT INTO `user_skills` VALUES ('101','1','2','4','2013-11-19 20:32:09','1989-05-12 08:24:01'),
('102','2','4','8','1997-10-30 15:01:54','2013-05-28 10:15:59'),
('103','3','4','4','2014-09-11 03:32:58','1977-07-17 20:44:30'),
('104','4','5','6','2014-02-22 15:07:51','1971-10-10 17:40:15'),
('107','7','3','4','2002-07-28 08:29:43','1972-11-21 07:38:16'),
('108','8','6','4','1987-09-27 09:19:59','1974-09-30 04:20:49'),
('110','10','8','4','1983-07-04 14:09:13','1981-09-19 07:22:20'),
('111','1','3','9','1980-07-23 15:07:07','2009-06-22 23:57:32'),
('112','2','8','0','1996-06-01 00:24:43','1993-07-26 15:21:49'),
('113','3','7','1','1989-09-10 18:51:25','1993-12-03 17:32:41'),
('118','8','1','5','1976-07-10 10:31:36','1993-10-26 18:43:19'),
('120','10','7','5','1997-02-06 14:05:13','1983-08-24 19:41:33'),
('121','1','2','2','2018-04-10 18:39:35','1985-11-21 23:04:51'),
('123','3','2','6','1988-02-01 18:39:24','1994-11-12 03:30:56'),
('125','5','8','6','2013-10-02 12:12:00','1978-11-28 14:31:37'),
('126','6','0','7','2001-12-11 08:44:40','1992-04-04 04:03:44'),
('127','7','9','5','1987-01-15 10:21:07','1977-04-12 09:15:44'),
('129','9','1','9','1985-01-11 06:54:37','1975-08-17 06:52:58'),
('132','2','3','6','1992-02-18 03:15:35','1982-11-17 15:18:11'),
('134','4','3','7','1998-06-05 08:13:30','2011-03-06 13:12:07'),
('135','5','2','5','1974-08-09 02:56:52','2013-04-21 11:02:42'),
('137','7','6','3','1973-12-28 05:47:26','1981-03-26 08:15:24'),
('138','8','4','3','2013-10-16 01:09:48','2009-04-25 02:34:59'),
('139','9','7','2','2008-07-17 20:31:45','2003-05-22 15:16:57'),
('140','10','3','5','1979-10-27 23:39:43','1988-02-22 04:00:19'),
('142','2','6','8','2000-11-23 21:29:12','1983-01-09 22:35:49'),
('143','3','7','1','2010-09-27 16:32:14','1977-12-21 10:02:27'),
('144','4','9','8','1993-02-16 03:34:55','2011-09-11 17:18:21'),
('146','6','2','6','2009-11-21 16:07:15','2006-09-18 16:44:08'),
('148','8','9','6','1984-06-07 23:25:47','2014-08-02 05:15:25'),
('151','1','2','3','1987-10-30 09:10:31','1989-08-01 06:37:31'),
('154','4','8','4','1989-03-21 10:00:06','2010-11-21 15:41:01'),
('155','5','6','8','1990-08-17 09:32:15','1989-10-06 02:17:42'),
('158','8','1','8','2004-02-01 11:58:54','2003-01-25 02:23:08'),
('159','9','5','0','2009-01-26 09:53:34','1979-04-19 14:25:51'),
('163','3','1','2','1973-04-26 22:52:03','1975-07-06 11:10:23'),
('164','4','9','4','2008-07-20 14:32:06','2001-05-23 01:04:50'),
('167','7','0','9','1989-06-02 11:37:20','1981-01-07 20:22:36'),
('170','10','7','5','1995-07-31 15:20:11','1978-03-08 22:21:03'),
('172','2','2','5','2004-04-12 14:14:05','1987-01-21 07:12:49'),
('174','4','7','5','2019-09-10 11:39:53','2018-03-08 22:33:27'),
('176','6','8','3','2003-08-29 16:43:24','1983-06-11 14:59:53'),
('177','7','4','9','1993-11-27 22:18:41','2007-10-05 04:00:12'),
('179','9','2','8','2000-07-02 16:34:22','1971-06-13 07:05:59'),
('180','10','9','0','1984-09-02 22:14:49','1979-02-18 18:07:45'),
('182','2','5','5','1974-01-09 01:44:49','1971-06-12 00:15:54'),
('185','5','3','8','1988-07-11 02:36:00','1997-10-12 12:04:49'),
('186','6','0','6','2000-08-11 20:38:54','1985-05-26 19:41:12'),
('187','7','6','0','1977-05-28 23:18:15','2009-08-01 19:18:30'),
('188','8','3','9','1998-05-07 08:35:09','2011-07-25 12:17:51'),
('189','9','1','6','2000-12-03 18:29:56','1970-04-15 02:40:56'),
('190','10','9','8','2010-05-28 14:42:32','2010-03-31 13:36:05'),
('196','6','9','4','1980-12-10 14:17:47','1988-02-06 00:18:39'),
('199','9','8','4','2005-09-11 04:42:11','1972-08-17 14:43:20'),
('200','10','9','4','2007-01-28 06:27:57','2018-09-01 15:24:49'); 


DROP TABLE IF EXISTS `users`;
CREATE TABLE `users` (
  `id` bigint(20) unsigned NOT NULL AUTO_INCREMENT,
  `user_name` varchar(255) COLLATE utf8_unicode_ci DEFAULT NULL,
  `firstname` varchar(255) COLLATE utf8_unicode_ci DEFAULT NULL,
  `lastname` varchar(255) COLLATE utf8_unicode_ci DEFAULT NULL,
  `email` varchar(255) COLLATE utf8_unicode_ci DEFAULT NULL,
  `phone` bigint(20) DEFAULT NULL,
  `parole` varchar(255) COLLATE utf8_unicode_ci DEFAULT NULL,
  PRIMARY KEY (`id`),
  UNIQUE KEY `user_name` (`user_name`),
  UNIQUE KEY `email` (`email`),
  UNIQUE KEY `phone` (`phone`),
  KEY `phone_2` (`phone`),
  KEY `firstname` (`firstname`,`lastname`)
) ENGINE=InnoDB AUTO_INCREMENT=201 DEFAULT CHARSET=utf8 COLLATE=utf8_unicode_ci;

INSERT INTO `users` VALUES ('101','wokuneva','Fatima','Kuvalis','buck.weber@example.net','0','7'),
('102','reid88','Ezra','Yundt','uheaney@example.net','1','6'),
('103','terry.bernard','Dane','Weissnat','achamplin@example.net','6','2'),
('104','catalina.terry','Verlie','Hodkiewicz','frances.jones@example.org','385','8'),
('107','ydickens','Marianne','Gorczany','hershel.o\'conner@example.net','764480','9'),
('108','erick.hane','Krystel','O\'Kon','mckenzie.hadley@example.net','591','7'),
('110','qkeeling','Fidel','Zulauf','lesch.shannon@example.org','730573','4'),
('111','conroy.marcelino','Leonel','Turner','deon07@example.org','972','7'),
('112','o\'kon.abigail','Clarissa','Hauck','amara.daugherty@example.net','2844562375','6'),
('113','minnie.hauck','Lizzie','Schamberger','hoppe.margarita@example.net','552','5'),
('118','lew00','Bianka','Huel','ruby.marquardt@example.org','888','5'),
('120','bessie.bashirian','Cody','Schroeder','rau.autumn@example.net','37','2'),
('121','schamberger.constantin','Kaycee','Kohler','malachi54@example.com','799955','4'),
('123','sipes.effie','Eldora','Cassin','kihn.domenic@example.org','744','8'),
('125','wgerhold','April','Kulas','kaci47@example.com','306','9'),
('126','nikolaus.jeramy','Fanny','Klein','theresa.yundt@example.com','4193198517','7'),
('127','raphaelle82','Jonas','Sporer','orval.lang@example.org','1288540734','4'),
('129','jamie63','Jordane','Rolfson','mona.maggio@example.com','975','8'),
('132','floyd.hermiston','Linnie','Schumm','hertha.hermiston@example.org','672','7'),
('134','cheyenne87','Savanah','Zieme','ben.altenwerth@example.com','19','7'),
('135','wolff.lessie','Dewayne','Borer','ritchie.geraldine@example.net','57','4'),
('137','ibeer','Zena','Dare','jlakin@example.com','9550502900','5'),
('138','rosie.turcotte','Johann','Rippin','eleanora.hand@example.org','6780045314','9'),
('139','cesar69','Andreane','McDermott','laura25@example.org','494669','8'),
('140','harris.alan','Mortimer','Murray','kterry@example.com','811','7'),
('142','lfeest','Zelda','Mills','luettgen.roma@example.org','619','5'),
('143','kendall24','Floyd','Langworth','tatum03@example.net','591201','8'),
('144','wallace.baumbach','Mara','Cummerata','raynor.vickie@example.net','848','5'),
('146','unique04','Kylie','Klein','jeanie.johnson@example.com','339718','1'),
('148','kendrick.gorczany','Jaden','Berge','borer.wilma@example.net','715000','8'),
('151','lconn','Leola','Ferry','ho\'connell@example.org','426553','8'),
('154','wmayert','Rosalia','Rippin','barrows.susie@example.org','31','5'),
('155','hbarrows','Opal','Casper','valentine96@example.org','481','6'),
('158','zulauf.jacinthe','Amelia','Zemlak','jamey25@example.net','4874077105','1'),
('159','karolann.howe','Raphael','Simonis','lebsack.geoffrey@example.org','144241','4'),
('163','ernestine.heathcote','Terrell','Dare','leann43@example.org','738','5'),
('164','rbaumbach','Rick','Schumm','martin90@example.org','8621125125','2'),
('167','blanche50','Desmond','Kshlerin','kellie.weimann@example.org','448849','5'),
('170','nwhite','Julia','Lesch','nikita37@example.org','566','6'),
('172','fcronin','Bernice','Lockman','jacquelyn.reilly@example.org','55','9'),
('174','elmore.o\'keefe','Patsy','Bernhard','ecrist@example.org','320','6'),
('176','rdickens','Izaiah','Schinner','bridget.harris@example.net','833376','9'),
('177','cristal96','Giles','Wintheiser','hegmann.ciara@example.org','1951697912','4'),
('179','schuppe.pierre','Drake','Bogisich','ejakubowski@example.org','22','9'),
('180','mgoldner','Mylene','Turcotte','mya.weimann@example.org','640','1'),
('182','wledner','Giovanna','Mills','genesis93@example.org','604756','1'),
('185','liliana76','Kaelyn','Homenick','mariane.adams@example.net','86','6'),
('186','allison.grimes','Curtis','Abshire','sunny09@example.com','29','8'),
('187','rcummings','Wilton','Runte','jbrakus@example.com','925315','5'),
('188','crolfson','Mae','Hermiston','bettie.dicki@example.net','153717','9'),
('189','auer.otis','Domenica','Langworth','dudley.runolfsson@example.org','723387','9'),
('190','virgie48','Zita','Reilly','billie01@example.com','198433','4'),
('196','hkemmer','Athena','Lynch','cynthia.wiza@example.net','9376696252','6'),
('199','cwisozk','Berniece','Muller','rhermiston@example.net','317832','9'),
('200','piper31','Kaelyn','Glover','giovanni.rodriguez@example.net','88165','4'); 


DROP TABLE IF EXISTS `users_communities`;
CREATE TABLE `users_communities` (
  `initiator_user_id` bigint(20) unsigned NOT NULL,
  `target_user_id` bigint(20) unsigned NOT NULL,
  `communiti_id` bigint(20) unsigned NOT NULL,
  `status` enum('requsted','approved','declient','excluded') COLLATE utf8_unicode_ci DEFAULT NULL,
  `requested_at` datetime DEFAULT current_timestamp(),
  `update_at` datetime DEFAULT current_timestamp() ON UPDATE current_timestamp(),
  PRIMARY KEY (`initiator_user_id`,`communiti_id`),
  KEY `initiator_user_id` (`initiator_user_id`),
  KEY `target_user_id` (`target_user_id`),
  KEY `communiti_id` (`communiti_id`),
  CONSTRAINT `users_communities_ibfk_1` FOREIGN KEY (`initiator_user_id`) REFERENCES `users` (`id`),
  CONSTRAINT `users_communities_ibfk_2` FOREIGN KEY (`target_user_id`) REFERENCES `users` (`id`),
  CONSTRAINT `users_communities_ibfk_3` FOREIGN KEY (`communiti_id`) REFERENCES `communities` (`id`)
) ENGINE=InnoDB DEFAULT CHARSET=utf8 COLLATE=utf8_unicode_ci;

INSERT INTO `users_communities` VALUES ('101','101','1','declient','2018-02-28 19:16:37','2017-08-15 15:34:45'),
('102','102','2','excluded','2012-10-11 11:03:53','1993-08-02 15:02:56'),
('103','103','3','declient','2001-05-02 14:40:11','1991-06-01 21:52:34'),
('104','104','4','requsted','1986-11-16 17:38:00','2015-08-09 05:28:50'),
('107','107','5','declient','2012-08-22 02:49:30','1998-06-27 09:50:39'),
('108','108','6','declient','1980-04-02 23:38:15','2008-03-04 07:13:27'),
('110','110','7','requsted','2013-06-06 07:28:26','2010-11-26 13:03:30'),
('111','111','8','requsted','1989-11-23 00:58:27','1995-09-19 08:06:15'),
('112','112','9','declient','2018-07-21 23:33:25','1989-10-15 16:42:02'),
('113','113','10','requsted','2001-07-06 01:29:17','1974-08-10 11:01:34'),
('118','118','11','requsted','1974-02-24 08:57:17','2015-09-04 12:12:19'),
('120','120','12','declient','2017-11-04 09:49:14','2005-12-05 07:04:50'),
('121','121','13','declient','2002-01-31 22:33:45','2005-10-02 07:46:41'),
('123','123','14','approved','1994-10-09 11:44:55','2015-12-24 10:56:04'),
('125','125','15','declient','1990-03-25 17:20:47','2006-11-02 18:10:07'),
('126','126','16','declient','2018-09-18 10:01:23','2001-04-09 05:37:02'),
('127','127','17','excluded','1978-02-02 19:35:35','1998-03-04 20:08:03'),
('129','129','18','requsted','2008-10-03 11:16:37','2008-11-28 06:06:36'),
('132','132','19','approved','2000-04-07 16:08:25','2009-10-26 00:28:56'),
('134','134','20','approved','1994-01-05 21:49:32','2013-02-14 09:41:02'),
('135','135','21','approved','2003-09-15 12:23:17','2000-08-05 15:29:35'),
('137','137','22','approved','1970-11-19 14:43:17','2015-01-21 10:45:46'),
('138','138','23','excluded','1988-05-15 06:56:22','1990-05-10 22:12:50'),
('139','139','24','approved','2003-09-27 00:20:24','2015-06-27 22:48:50'),
('140','140','25','requsted','2011-10-01 08:08:28','1970-08-05 14:47:49'),
('142','142','1','excluded','1985-06-29 00:31:39','1991-10-19 17:39:39'),
('143','143','2','declient','1988-08-12 16:12:40','2001-06-20 03:57:28'),
('144','144','3','approved','1984-02-24 01:49:28','2008-12-16 16:35:36'),
('146','146','4','approved','1986-05-29 04:04:19','2008-04-22 07:46:29'),
('148','148','5','approved','1994-11-24 04:32:09','2011-03-30 13:22:36'),
('151','151','6','declient','1972-06-23 04:22:28','1985-11-16 20:25:51'),
('154','154','7','declient','1979-03-21 22:25:01','1985-05-23 22:38:35'),
('155','155','8','approved','1980-11-25 03:49:38','1986-02-10 17:13:24'),
('158','158','9','requsted','1984-05-27 07:38:29','1981-11-30 00:29:41'),
('159','159','10','excluded','1971-05-21 08:48:46','1970-11-05 05:13:37'),
('163','163','11','requsted','1972-09-03 14:41:14','1993-01-28 15:52:17'),
('164','164','12','declient','2001-02-15 12:54:54','1990-05-03 18:54:07'),
('167','167','13','requsted','1984-02-12 09:23:28','1986-11-25 17:44:10'),
('170','170','14','excluded','1971-11-30 17:21:21','2019-08-10 07:25:31'),
('172','172','15','declient','1984-07-11 07:27:09','2007-06-29 01:21:14'),
('174','174','16','excluded','2007-03-05 07:01:49','1992-08-18 04:22:50'),
('176','176','17','declient','1976-12-29 05:57:05','1978-02-08 19:43:39'),
('177','177','18','declient','1979-01-31 08:24:36','1973-03-09 17:21:15'),
('179','179','19','declient','1993-03-28 12:31:55','1983-02-18 09:52:57'),
('180','180','20','approved','1987-09-12 04:37:37','1986-07-09 22:07:24'),
('182','182','21','approved','1992-08-24 21:57:29','2015-09-29 06:12:38'),
('185','185','22','approved','1973-06-14 19:02:37','2010-05-20 00:52:25'),
('186','186','23','approved','1990-01-09 15:47:42','1993-07-15 22:42:12'),
('187','187','24','excluded','2014-10-03 20:22:12','1990-11-22 18:18:10'),
('188','188','25','requsted','1989-03-24 12:44:32','2004-12-25 18:54:41'); 




/*!40101 SET SQL_MODE=@OLD_SQL_MODE */;
/*!40014 SET FOREIGN_KEY_CHECKS=@OLD_FOREIGN_KEY_CHECKS */;
/*!40014 SET UNIQUE_CHECKS=@OLD_UNIQUE_CHECKS */;
/*!40101 SET CHARACTER_SET_CLIENT=@OLD_CHARACTER_SET_CLIENT */;
/*!40101 SET CHARACTER_SET_RESULTS=@OLD_CHARACTER_SET_RESULTS */;
/*!40101 SET COLLATION_CONNECTION=@OLD_COLLATION_CONNECTION */;
/*!40111 SET SQL_NOTES=@OLD_SQL_NOTES */;

